ID,Player,2015-2016Age,2015-2016USG%,2016-2017Age,2016-2017USG%,2017-2018Age,2017-2018USG%,2018-2019Age,2018-2019USG%,2019-2020Age,2019-2020USG%,2020-2021Age,2020-2021USG%,2021-2022Age,2021-2022USG%,2022-2023Age,2022-2023USG%,2023-2024Age,2023-2024USG%,2024-2025Age,2024-2025USG%
1,A.J. Green,,,,,,,,,,,,,,,23.0,16.6,24.0,15.2,25.0,12.6
2,A.J. Hammons,,,24.0,17.6,,,,,,,,,,,,,,,,
3,A.J. Lawson,,,,,,,,,,,,,,,22.0,21.1,23.0,20.0,24.0,20.0
4,AJ Griffin,,,,,,,,,,,,,,,19.0,17.9,20.0,17.3,,
5,AJ Johnson,,,,,,,,,,,,,,,,,,,20.0,17.4
6,Aaron Brooks,31.0,22.9,32.0,19.2,33.0,19.9,,,,,,,,,,,,,,
7,Aaron Gordon,20.0,17.3,21.0,20.1,22.0,24.7,23.0,21.8,24.0,20.7,25.0,20.7,26.0,19.7,27.0,21.1,28.0,17.8,29.0,19.0
8,Aaron Harrison,21.0,13.7,22.0,12.9,23.0,15.5,,,,,,,,,,,,,,
9,Aaron Henry,,,,,,,,,,,,,22.0,18.5,,,,,,
10,Aaron Holiday,,,,,,,22.0,21.9,23.0,18.7,24.0,19.5,25.0,18.7,26.0,13.4,27.0,16.7,28.0,16.8
11,Aaron Jackson,,,,,31.0,13.7,,,,,,,,,,,,,,
12,Aaron Nesmith,,,,,,,,,,,21.0,13.7,22.0,17.2,23.0,16.8,24.0,16.0,25.0,17.4
13,Aaron Wiggins,,,,,,,,,,,,,23.0,15.3,24.0,14.5,25.0,16.4,26.0,20.3
14,Abdel Nader,,,,,24.0,17.1,25.0,15.1,26.0,17.0,27.0,19.0,28.0,15.0,,,,,,
15,Adam Flagler,,,,,,,,,,,,,,,,,24.0,21.7,25.0,21.1
16,Adam Mokoka,,,,,,,,,21.0,12.1,22.0,18.9,,,,,,,,
17,Adama Sanogo,,,,,,,,,,,,,,,,,21.0,24.8,22.0,15.9
18,Ade Murkey,,,,,,,,,,,,,24.0,0.0,,,,,,
19,Adem Bona,,,,,,,,,,,,,,,,,,,21.0,14.3
20,Admiral Schofield,,,,,,,,,22.0,11.9,,,24.0,14.5,25.0,14.1,26.0,16.6,,
21,Adreian Payne,24.0,17.7,25.0,23.1,26.0,15.0,,,,,,,,,,,,,,
22,Ahmad Caver,,,,,,,,,,,,,25.0,42.8,,,,,,
23,Ajay Mitchell,,,,,,,,,,,,,,,,,,,22.0,16.2
24,Al Horford,29.0,20.6,30.0,19.7,31.0,18.4,32.0,18.9,33.0,17.5,34.0,21.6,35.0,14.8,36.0,11.9,37.0,12.0,38.0,13.8
25,Al Jefferson,31.0,24.2,32.0,26.1,33.0,22.6,,,,,,,,,,,,,,
26,Al-Farouq Aminu,25.0,16.9,26.0,15.4,27.0,14.8,28.0,13.7,29.0,13.2,30.0,13.6,,,,,,,,
27,Alan Anderson,33.0,15.4,34.0,13.7,,,,,,,,,,,,,,,,
28,Alan Williams,23.0,22.6,24.0,20.9,25.0,17.5,26.0,25.5,,,,,,,,,,,,
29,Alec Burks,24.0,25.9,25.0,22.7,26.0,22.5,27.0,19.0,28.0,23.8,29.0,21.3,30.0,17.7,31.0,22.8,32.0,24.4,33.0,16.5
30,Alec Peters,,,,,22.0,15.5,,,,,,,,,,,,,,
31,Aleem Ford,,,,,,,,,,,,,24.0,14.0,,,,,,
32,Aleksej Pokusevski,,,,,,,,,,,19.0,20.5,20.0,20.0,21.0,18.3,22.0,17.2,,
33,Alen Smailagić,,,,,,,,,19.0,18.2,20.0,17.6,,,,,,,,
34,Alex Caruso,,,,,23.0,12.9,24.0,19.0,25.0,13.8,26.0,14.8,27.0,13.3,28.0,11.1,29.0,14.7,30.0,15.2
35,Alex Ducas,,,,,,,,,,,,,,,,,,,24.0,11.8
36,Alex Fudge,,,,,,,,,,,,,,,,,20.0,19.2,,
37,Alex Len,22.0,20.4,23.0,17.6,24.0,17.0,25.0,22.1,26.0,18.1,27.0,16.3,28.0,17.1,29.0,14.1,30.0,11.8,31.0,10.3
38,Alex Poythress,,,23.0,16.9,24.0,12.0,25.0,14.2,,,,,,,,,,,,
39,Alex Reese,,,,,,,,,,,,,,,,,,,25.0,13.2
40,Alex Sarr,,,,,,,,,,,,,,,,,,,19.0,23.5
41,Alex Stepheson,28.0,19.8,,,,,,,,,,,,,,,,,,
42,Alexis Ajinça,27.0,20.4,28.0,17.2,,,,,,,,,,,,,,,,
43,Alfonzo McKinnie,,,,,25.0,16.0,26.0,13.9,27.0,15.2,28.0,17.8,29.0,15.3,,,,,,
44,Alize Johnson,,,,,,,22.0,13.3,23.0,15.0,24.0,19.1,25.0,14.8,26.0,15.0,,,,
45,Allen Crabbe,23.0,16.4,24.0,14.9,25.0,19.0,26.0,16.4,27.0,12.7,,,,,,,,,,
46,Allonzo Trier,,,,,,,23.0,21.5,24.0,21.4,,,,,,,,,,
47,Alondes Williams,,,,,,,,,,,,,,,23.0,17.7,24.0,29.1,25.0,21.1
48,Alonzo Gee,28.0,9.2,29.0,10.5,,,,,,,,,,,,,,,,
49,Alperen Şengün,,,,,,,,,,,,,19.0,22.0,20.0,21.4,21.0,27.0,22.0,26.2
50,Amar'e Stoudemire,33.0,17.8,,,,,,,,,,,,,,,,,,
51,Amari Bailey,,,,,,,,,,,,,,,,,19.0,21.1,,
52,Amen Thompson,,,,,,,,,,,,,,,,,21.0,18.5,22.0,17.5
53,Amida Brimah,,,,,,,,,,,26.0,19.6,,,,,,,,
54,Amile Jefferson,,,,,,,25.0,13.1,26.0,13.5,,,,,,,,,,
55,Amir Coffey,,,,,,,,,22.0,17.6,23.0,15.1,24.0,15.8,25.0,13.5,26.0,12.5,27.0,15.3
56,Amir Johnson,28.0,13.6,29.0,13.6,30.0,12.8,31.0,17.4,,,,,,,,,,,,
57,Anderson Varejão,33.0,15.0,34.0,12.6,,,,,,,38.0,25.4,,,,,,,,
58,Andre Drummond,22.0,24.1,23.0,22.4,24.0,21.2,25.0,22.9,26.0,25.9,27.0,27.6,28.0,19.0,29.0,21.0,30.0,21.3,31.0,19.1
59,Andre Iguodala,32.0,12.1,33.0,11.2,34.0,11.5,35.0,10.4,36.0,12.7,37.0,11.2,38.0,11.4,39.0,9.4,,,,
60,Andre Ingram,,,,,32.0,14.1,33.0,19.3,,,,,,,,,,,,
61,Andre Jackson Jr.,,,,,,,,,,,,,,,,,22.0,10.0,23.0,11.9
62,Andre Miller,39.0,15.4,,,,,,,,,,,,,,,,,,
63,Andre Roberson,24.0,9.1,25.0,10.1,26.0,8.6,,,28.0,16.1,29.0,11.7,,,,,,,,
64,Andrea Bargnani,30.0,23.2,,,,,,,,,,,,,,,,,,
65,Andrew Bogut,31.0,11.4,32.0,10.4,33.0,8.8,34.0,14.5,,,,,,,,,,,,
66,Andrew Funk,,,,,,,,,,,,,,,,,24.0,13.5,,
67,Andrew Goudelock,27.0,24.8,,,,,,,,,,,,,,,,,,
68,Andrew Harrison,,,22.0,16.4,23.0,19.6,24.0,16.8,,,,,,,,,,,,
69,Andrew Nembhard,,,,,,,,,,,,,,,23.0,16.1,24.0,16.0,25.0,16.3
70,Andrew Nicholson,26.0,20.4,27.0,17.0,,,,,,,,,,,,,,,,
71,Andrew White,,,,,24.0,17.3,,,,,,,,,,,,,,
72,Andrew Wiggins,20.0,27.2,21.0,29.0,22.0,23.4,23.0,24.4,24.0,27.4,25.0,23.3,26.0,23.1,27.0,21.5,28.0,20.9,29.0,24.5
73,Anfernee Simons,,,,,,,19.0,24.3,20.0,18.7,21.0,18.3,22.0,24.8,23.0,25.1,24.0,28.0,25.0,24.6
74,Ante Žižić,,,,,21.0,18.8,22.0,18.2,23.0,17.5,,,,,,,,,,
75,Anthony Bennett,22.0,19.2,23.0,19.4,,,,,,,,,,,,,,,,
76,Anthony Black,,,,,,,,,,,,,,,,,20.0,12.7,21.0,19.6
77,Anthony Brown,23.0,11.0,24.0,15.6,25.0,11.1,,,,,,,,,,,,,,
78,Anthony Davis,22.0,29.6,23.0,32.6,24.0,30.0,25.0,29.5,26.0,29.3,27.0,29.2,28.0,27.1,29.0,28.4,30.0,26.7,31.0,30.4
79,Anthony Edwards,,,,,,,,,,,19.0,27.0,20.0,26.4,21.0,29.9,22.0,32.3,23.0,31.4
80,Anthony Gill,,,,,,,,,,,28.0,14.2,29.0,14.4,30.0,12.3,31.0,18.0,32.0,12.7
81,Anthony Lamb,,,,,,,,,,,23.0,15.0,24.0,10.6,25.0,13.8,,,,
82,Anthony Morrow,30.0,16.9,31.0,16.4,,,,,,,,,,,,,,,,
83,Anthony Tolliver,30.0,12.4,31.0,13.6,32.0,14.8,33.0,12.5,34.0,11.1,35.0,9.8,,,,,,,,
84,Anton Watson,,,,,,,,,,,,,,,,,,,24.0,21.7
85,Antonio Blakeney,,,,,21.0,23.7,22.0,24.5,,,,,,,,,,,,
86,Antonio Reeves,,,,,,,,,,,,,,,,,,,24.0,18.8
87,Antonius Cleveland,,,,,23.0,11.1,,,25.0,16.9,,,,,,,,,,
88,Anžejs Pasečņiks,,,,,,,,,24.0,15.8,25.0,41.4,,,,,,,,
89,Archie Goodwin,21.0,23.2,22.0,19.8,,,,,,,,,,,,,,,,
90,Ariel Hukporti,,,,,,,,,,,,,,,,,,,22.0,11.6
91,Arinze Onuaku,,,29.0,9.4,,,,,,,,,,,,,,,,
92,Armel Traoré,,,,,,,,,,,,,,,,,,,22.0,16.4
93,Armoni Brooks,,,,,,,,,,,22.0,17.9,23.0,16.4,,,25.0,20.8,,
94,Arnoldas Kulboka,,,,,,,,,,,,,24.0,8.5,,,,,,
95,Aron Baynes,29.0,18.5,30.0,14.1,31.0,16.8,32.0,15.2,33.0,21.1,34.0,16.2,,,,,,,,
96,Arron Afflalo,30.0,17.9,31.0,14.4,32.0,12.5,,,,,,,,,,,,,,
97,Ashton Hagans,,,,,,,,,,,21.0,10.5,,,,,24.0,14.6,,
98,Ausar Thompson,,,,,,,,,,,,,,,,,21.0,16.6,22.0,19.1
99,Austin Reaves,,,,,,,,,,,,,23.0,12.4,24.0,16.2,25.0,20.3,26.0,23.7
100,Austin Rivers,23.0,19.4,24.0,20.3,25.0,20.6,26.0,14.5,27.0,15.6,28.0,15.4,29.0,12.6,30.0,10.5,,,,
101,Avery Bradley,25.0,19.8,26.0,21.9,27.0,23.5,28.0,16.2,29.0,15.7,30.0,14.9,31.0,12.1,,,,,,
102,Axel Toupane,23.0,12.0,24.0,8.5,,,,,,,28.0,9.7,,,,,,,,
103,Ayo Dosunmu,,,,,,,,,,,,,22.0,14.1,23.0,14.9,24.0,17.2,25.0,16.6
104,B.J. Johnson,,,,,,,23.0,17.4,24.0,22.1,,,26.0,16.7,,,,,,
105,Bam Adebayo,,,,,20.0,15.9,21.0,15.8,22.0,21.2,23.0,23.7,24.0,25.0,25.0,25.2,26.0,24.9,27.0,23.5
106,Baylor Scheierman,,,,,,,,,,,,,,,,,,,24.0,14.5
107,Ben Bentil,,,21.0,18.9,,,,,,,,,,,,,,,,
108,Ben McLemore,22.0,17.6,23.0,20.1,24.0,19.0,25.0,19.4,26.0,16.0,27.0,20.4,28.0,21.3,,,,,,
109,Ben Moore,,,,,22.0,0.0,,,,,,,,,,,,,,
110,Ben Sheppard,,,,,,,,,,,,,,,,,22.0,13.2,23.0,11.3
111,Ben Simmons,,,,,21.0,22.3,22.0,22.1,23.0,20.9,24.0,20.2,,,26.0,14.3,27.0,13.0,28.0,13.2
112,Bennedict Mathurin,,,,,,,,,,,,,,,20.0,24.6,21.0,23.4,22.0,22.8
113,Beno Udrih,33.0,16.7,34.0,19.6,,,,,,,,,,,,,,,,
114,Bilal Coulibaly,,,,,,,,,,,,,,,,,19.0,14.2,20.0,17.9
115,Billy Garrett,,,,,,,24.0,20.9,,,,,,,,,,,,
116,Bismack Biyombo,23.0,11.5,24.0,13.2,25.0,14.9,26.0,12.7,27.0,16.8,28.0,11.5,29.0,17.1,30.0,14.0,31.0,10.7,32.0,12.3
117,Blake Griffin,26.0,29.8,27.0,28.0,28.0,28.9,29.0,30.2,30.0,28.4,31.0,19.3,32.0,16.9,33.0,12.7,,,,
118,Blake Wesley,,,,,,,,,,,,,,,19.0,18.5,20.0,14.7,21.0,16.7
119,Boban Marjanović,27.0,22.8,28.0,25.3,29.0,29.4,30.0,23.3,31.0,26.9,32.0,24.6,33.0,33.3,34.0,20.8,35.0,27.0,,
120,Bobby Brown,,,32.0,22.7,33.0,26.1,,,,,,,,,,,,,,
121,Bobby Portis,20.0,20.7,21.0,19.1,22.0,26.0,23.0,24.6,24.0,21.4,25.0,20.9,26.0,21.3,27.0,21.7,28.0,22.9,29.0,24.1
122,Bobi Klintman,,,,,,,,,,,,,,,,,,,21.0,11.9
123,Bogdan Bogdanović,,,,,25.0,19.6,26.0,22.3,27.0,22.6,28.0,21.3,29.0,21.6,30.0,19.8,31.0,22.3,32.0,18.7
124,Bojan Bogdanović,26.0,19.4,27.0,22.4,28.0,19.0,29.0,22.4,30.0,25.5,31.0,22.8,32.0,23.7,33.0,25.9,34.0,24.6,,
125,Bol Bol,,,,,,,,,20.0,21.2,21.0,21.2,22.0,18.0,23.0,18.2,24.0,16.5,25.0,21.1
126,Bones Hyland,,,,,,,,,,,,,21.0,23.8,22.0,28.0,23.0,24.8,24.0,28.2
127,Bonzie Colson,,,,,,,23.0,19.6,,,,,,,,,,,,
128,Boris Diaw,33.0,17.0,34.0,15.6,,,,,,,,,,,,,,,,
129,Brad Wanamaker,,,,,,,29.0,17.1,30.0,15.5,31.0,16.9,32.0,14.9,,,,,,
130,Bradley Beal,22.0,25.3,23.0,26.5,24.0,27.6,25.0,28.4,26.0,34.4,27.0,34.1,28.0,30.8,29.0,29.2,30.0,22.7,31.0,22.1
131,Brandan Wright,28.0,15.4,29.0,16.3,30.0,14.7,,,,,,,,,,,,,,
132,Branden Carlson,,,,,,,,,,,,,,,,,,,25.0,19.3
133,Branden Dawson,22.0,8.5,,,,,,,,,,,,,,,,,,
134,Brandin Podziemski,,,,,,,,,,,,,,,,,20.0,15.4,21.0,18.3
135,Brandon Bass,30.0,13.9,31.0,19.7,,,,,,,,,,,,,,,,
136,Brandon Boston Jr.,,,,,,,,,,,,,20.0,22.4,21.0,26.5,22.0,25.4,23.0,20.0
137,Brandon Clarke,,,,,,,,,23.0,18.7,24.0,17.2,25.0,17.7,26.0,17.7,27.0,20.8,28.0,15.3
138,Brandon Goodwin,,,,,,,23.0,23.1,24.0,22.4,25.0,19.5,26.0,18.2,,,,,,
139,Brandon Ingram,,,19.0,16.8,20.0,22.2,21.0,23.2,22.0,28.1,23.0,28.0,24.0,29.3,25.0,30.8,26.0,27.2,27.0,30.2
140,Brandon Jennings,26.0,20.0,27.0,17.6,28.0,20.8,,,,,,,,,,,,,,
141,Brandon Knight,24.0,26.2,25.0,25.0,,,27.0,18.1,28.0,20.6,,,30.0,22.5,,,,,,
142,Brandon Miller,,,,,,,,,,,,,,,,,21.0,23.9,22.0,27.7
143,Brandon Paul,,,,,26.0,13.6,,,,,,,,,,,,,,
144,Brandon Rush,30.0,12.5,31.0,9.6,,,,,,,,,,,,,,,,
145,Brandon Sampson,,,,,,,21.0,15.2,,,,,,,,,,,,
146,Brandon Williams,,,,,,,,,,,,,22.0,25.9,,,24.0,26.0,25.0,22.6
147,Braxton Key,,,,,,,,,,,,,24.0,19.4,25.0,8.9,26.0,15.7,27.0,29.3
148,Brian Bowen,,,,,,,,,21.0,15.6,22.0,12.6,,,,,,,,
149,Brian Roberts,30.0,19.8,31.0,17.9,,,,,,,,,,,,,,,,
150,Briante Weber,23.0,13.2,24.0,16.3,25.0,11.7,,,,,,,,,,,,,,
151,Brice Johnson,,,22.0,39.8,23.0,22.3,,,,,,,,,,,,,,
152,Brice Sensabaugh,,,,,,,,,,,,,,,,,20.0,20.3,21.0,21.5
153,Brodric Thomas,,,,,,,,,,,24.0,16.4,25.0,19.2,,,,,,
154,Bronny James,,,,,,,,,,,,,,,,,,,20.0,20.9
155,Brook Lopez,27.0,27.3,28.0,29.2,29.0,23.5,30.0,16.7,31.0,18.3,32.0,16.9,33.0,21.9,34.0,19.3,35.0,16.0,36.0,15.8
156,Bruce Brown,,,,,,,22.0,11.5,23.0,16.0,24.0,15.9,25.0,15.0,26.0,17.8,27.0,16.5,28.0,17.2
157,Bruno Caboclo,20.0,16.9,21.0,20.1,22.0,15.8,23.0,15.9,24.0,18.0,25.0,25.8,,,,,,,,
158,Bruno Fernando,,,,,,,,,21.0,15.3,22.0,14.4,23.0,22.4,24.0,16.3,25.0,16.7,26.0,18.9
159,Bryce Cotton,23.0,16.5,,,,,,,,,,,,,,,,,,
160,Bryce Dejean-Jones,23.0,14.1,,,,,,,,,,,,,,,,,,
161,Bryce McGowens,,,,,,,,,,,,,,,20.0,15.0,21.0,14.9,22.0,26.8
162,Bryn Forbes,,,23.0,17.9,24.0,16.7,25.0,17.4,26.0,18.5,27.0,18.5,28.0,21.2,29.0,16.2,,,,
163,Bub Carrington,,,,,,,,,,,,,,,,,,,19.0,15.8
164,Buddy Boeheim,,,,,,,,,,,,,,,23.0,13.2,24.0,17.0,,
165,Buddy Hield,,,24.0,21.3,25.0,24.3,26.0,25.1,27.0,27.2,28.0,20.7,29.0,22.4,30.0,20.8,31.0,19.2,32.0,20.5
166,C.J. Miles,28.0,22.8,29.0,18.4,30.0,22.3,31.0,18.6,32.0,18.6,,,34.0,0.0,,,,,,
167,C.J. Watson,31.0,12.1,32.0,14.1,,,,,,,,,,,,,,,,
168,C.J. Wilcox,25.0,19.8,26.0,15.4,,,,,,,,,,,,,,,,
169,C.J. Williams,,,,,27.0,13.7,28.0,13.3,,,,,,,,,,,,
170,CJ Elleby,,,,,,,,,,,20.0,17.4,21.0,14.8,,,,,,
171,CJ McCollum,24.0,27.1,25.0,27.5,26.0,26.5,27.0,25.5,28.0,25.9,29.0,27.1,30.0,27.5,31.0,26.4,32.0,24.7,33.0,27.2
172,Cade Cunningham,,,,,,,,,,,,,20.0,27.5,21.0,30.0,22.0,30.8,23.0,33.2
173,Caleb Houstan,,,,,,,,,,,,,,,20.0,11.0,21.0,12.5,22.0,11.7
174,Caleb Martin,,,,,,,,,24.0,15.0,25.0,16.7,26.0,16.3,27.0,14.4,28.0,17.3,29.0,14.4
175,Caleb Swanigan,,,,,20.0,20.0,21.0,17.7,22.0,13.5,,,,,,,,,,
176,Cam Christie,,,,,,,,,,,,,,,,,,,19.0,20.5
177,Cam Reddish,,,,,,,,,20.0,18.9,21.0,19.3,22.0,22.2,23.0,17.1,24.0,12.7,25.0,8.8
178,Cam Spencer,,,,,,,,,,,,,,,,,,,24.0,15.4
179,Cam Thomas,,,,,,,,,,,,,20.0,22.1,21.0,27.8,22.0,30.5,23.0,32.6
180,Cam Whitmore,,,,,,,,,,,,,,,,,19.0,27.1,20.0,23.9
181,Cameron Bairstow,25.0,20.3,,,,,,,,,,,,,,,,,,
182,Cameron Johnson,,,,,,,,,23.0,15.7,24.0,17.0,25.0,17.5,26.0,20.6,27.0,19.6,28.0,22.9
183,Cameron McGriff,,,,,,,,,,,,,24.0,14.0,,,,,,
184,Cameron Oliver,,,,,,,,,,,24.0,18.5,25.0,16.6,,,,,,
185,Cameron Payne,21.0,20.3,22.0,20.9,23.0,19.3,24.0,17.6,25.0,19.1,26.0,19.8,27.0,24.6,28.0,24.8,29.0,19.1,30.0,20.8
186,Cameron Reynolds,,,,,,,23.0,14.1,,,25.0,19.2,,,,,,,,
187,Caris LeVert,,,22.0,16.6,23.0,22.5,24.0,24.0,25.0,29.5,26.0,28.7,27.0,25.4,28.0,18.7,29.0,23.1,30.0,19.4
188,Carl Landry,32.0,24.0,,,,,,,,,,,,,,,,,,
189,Carlik Jones,,,,,,,,,,,,,24.0,25.1,25.0,16.2,,,,
190,Carmelo Anthony,31.0,29.7,32.0,29.1,33.0,23.2,34.0,20.5,35.0,21.2,36.0,23.1,37.0,20.4,,,,,,
191,Caron Butler,35.0,16.2,,,,,,,,,,,,,,,,,,
192,Carsen Edwards,,,,,,,,,21.0,18.4,22.0,19.3,23.0,19.2,,,,,,
193,Cason Wallace,,,,,,,,,,,,,,,,,20.0,12.9,21.0,12.8
194,Cassius Stanley,,,,,,,,,,,21.0,22.0,22.0,15.6,,,,,,
195,Cassius Winston,,,,,,,,,,,22.0,17.2,23.0,18.0,,,,,,
196,Cat Barber,,,,,,,,,,,,,27.0,22.7,,,,,,
197,Cedi Osman,,,,,22.0,15.7,23.0,18.6,24.0,16.6,25.0,20.4,26.0,21.1,27.0,18.2,28.0,15.1,,
198,Chance Comanche,,,,,,,,,,,,,,,26.0,14.0,,,,
199,Chandler Hutchison,,,,,,,22.0,12.2,23.0,19.1,24.0,16.2,25.0,13.5,,,,,,
200,Chandler Parsons,27.0,20.5,28.0,17.8,29.0,18.3,30.0,20.3,31.0,16.1,,,,,,,,,,
201,Channing Frye,32.0,15.1,33.0,19.3,34.0,15.2,35.0,17.5,,,,,,,,,,,,
202,Charles Bassey,,,,,,,,,,,,,21.0,16.1,22.0,15.6,23.0,11.9,24.0,17.5
203,Charles Cooke,,,,,23.0,18.1,,,,,,,,,,,,,,
204,Charlie Brown Jr.,,,,,,,,,22.0,25.1,23.0,14.9,24.0,12.3,,,26.0,14.0,,
205,Charlie Villanueva,31.0,25.3,,,,,,,,,,,,,,,,,,
206,Chase Budinger,27.0,14.5,,,,,,,,,,,,,,,,,,
207,Chasson Randle,,,23.0,19.7,,,25.0,16.4,26.0,7.1,27.0,15.7,,,,,,,,
208,Chaundee Brown Jr.,,,,,,,,,,,,,23.0,14.9,,,,,,
209,Cheick Diallo,,,20.0,20.5,21.0,17.4,22.0,16.0,23.0,17.0,,,25.0,16.1,,,,,,
210,Chet Holmgren,,,,,,,,,,,,,,,,,21.0,21.6,22.0,22.0
211,Chima Moneke,,,,,,,,,,,,,,,27.0,26.2,,,,
212,Chimezie Metu,,,,,,,21.0,24.4,22.0,23.7,23.0,20.0,24.0,18.5,25.0,17.6,26.0,16.2,,
213,Chinanu Onuaku,,,20.0,10.4,21.0,16.1,,,,,,,,,,,,,,
214,Chris Andersen,37.0,10.8,38.0,13.0,,,,,,,,,,,,,,,,
215,Chris Bosh,31.0,24.7,,,,,,,,,,,,,,,,,,
216,Chris Boucher,,,,,25.0,43.9,26.0,23.6,27.0,19.7,28.0,20.5,29.0,17.8,30.0,18.0,31.0,17.3,32.0,21.2
217,Chris Chiozza,,,,,,,23.0,11.8,24.0,18.1,25.0,21.0,26.0,13.4,,,,,,
218,Chris Clemons,,,,,,,,,22.0,23.6,,,,,,,,,,
219,Chris Copeland,31.0,17.3,,,,,,,,,,,,,,,,,,
220,Chris Duarte,,,,,,,,,,,,,24.0,21.1,25.0,19.0,26.0,14.9,27.0,17.2
221,Chris Johnson,25.0,13.6,,,,,,,,,,,,,,,,,,
222,Chris Kaman,33.0,20.4,,,,,,,,,,,,,,,,,,
223,Chris Livingston,,,,,,,,,,,,,,,,,20.0,13.8,21.0,16.6
224,Chris McCullough,20.0,16.5,21.0,19.9,22.0,24.6,,,,,,,,,,,,,,
225,Chris Paul,30.0,27.1,31.0,24.4,32.0,24.5,33.0,22.5,34.0,23.3,35.0,22.6,36.0,19.7,37.0,19.2,38.0,15.6,39.0,14.0
226,Chris Silva,,,,,,,,,23.0,17.1,24.0,15.9,25.0,13.8,26.0,30.1,,,,
227,Christian Braun,,,,,,,,,,,,,,,21.0,13.0,22.0,15.7,23.0,15.8
228,Christian Koloko,,,,,,,,,,,,,,,22.0,10.4,,,24.0,10.8
229,Christian Wood,20.0,19.4,21.0,15.4,,,23.0,26.1,24.0,23.0,25.0,25.9,26.0,23.3,27.0,26.4,28.0,17.6,,
230,Chuck Hayes,32.0,10.5,,,,,,,,,,,,,,,,,,
231,Chuma Okeke,,,,,,,,,,,22.0,14.5,23.0,16.4,24.0,12.3,25.0,13.3,26.0,9.8
232,Cleanthony Early,24.0,14.9,,,,,,,,,,,,,,,,,,
233,Cliff Alexander,20.0,13.3,,,,,,,,,,,,,,,,,,
234,Clint Capela,21.0,16.1,22.0,19.9,23.0,19.4,24.0,18.2,25.0,16.1,26.0,19.9,27.0,15.5,28.0,15.7,29.0,17.3,30.0,16.7
235,Coby White,,,,,,,,,19.0,24.4,20.0,22.5,21.0,19.8,22.0,17.9,23.0,22.7,24.0,24.4
236,Cody Martin,,,,,,,,,24.0,13.6,25.0,12.5,26.0,12.1,27.0,12.9,28.0,16.1,29.0,14.7
237,Cody Williams,,,,,,,,,,,,,,,,,,,20.0,12.5
238,Cody Zeller,23.0,15.4,24.0,15.5,25.0,15.7,26.0,16.3,27.0,20.8,28.0,18.3,29.0,15.9,30.0,18.1,31.0,12.9,,
239,Colby Jones,,,,,,,,,,,,,,,,,21.0,19.1,22.0,13.7
240,Cole Aldrich,27.0,18.4,28.0,9.4,29.0,16.8,,,,,,,,,,,,,,
241,Cole Anthony,,,,,,,,,,,20.0,24.3,21.0,25.1,22.0,21.5,23.0,23.7,24.0,24.6
242,Cole Swider,,,,,,,,,,,,,,,23.0,9.3,24.0,24.0,25.0,16.7
243,Colin Castleton,,,,,,,,,,,,,,,,,23.0,15.8,24.0,13.4
244,Collin Gillespie,,,,,,,,,,,,,,,,,24.0,17.1,25.0,17.7
245,Collin Sexton,,,,,,,20.0,25.2,21.0,27.2,22.0,29.7,23.0,27.9,24.0,23.4,25.0,27.5,26.0,27.0
246,Corey Brewer,29.0,17.8,30.0,14.3,31.0,14.3,32.0,13.6,33.0,9.6,,,,,,,,,,
247,Corey Kispert,,,,,,,,,,,,,22.0,14.6,23.0,14.1,24.0,19.6,25.0,17.5
248,Cory Jefferson,25.0,21.0,,,,,,,,,,,,,,,,,,
249,Cory Joseph,24.0,17.0,25.0,18.4,26.0,14.8,27.0,13.7,28.0,12.9,29.0,16.3,30.0,14.3,31.0,15.2,32.0,11.3,33.0,12.8
250,Coty Clarke,23.0,35.5,,,,,,,,,,,,,,,,,,
251,Courtney Lee,30.0,14.7,31.0,14.4,32.0,16.9,33.0,15.3,34.0,11.9,,,,,,,,,,
252,Craig Porter Jr.,,,,,,,,,,,,,,,,,23.0,20.2,24.0,15.9
253,Craig Sword,,,,,,,,,,,,,28.0,11.7,,,,,,
254,Cristiano Felício,23.0,13.7,24.0,12.4,25.0,13.6,26.0,14.3,27.0,9.1,28.0,12.4,,,,,,,,
255,Cui Yongxi,,,,,,,,,,,,,,,,,,,21.0,34.4
256,D'Angelo Russell,19.0,24.1,20.0,26.6,21.0,30.8,22.0,31.9,23.0,31.5,24.0,29.1,25.0,25.1,26.0,22.7,27.0,23.0,28.0,24.0
257,D'Moi Hodge,,,,,,,,,,,,,,,,,25.0,17.8,,
258,D.J. Augustin,28.0,18.0,29.0,19.4,30.0,18.6,31.0,17.2,32.0,19.1,33.0,16.8,34.0,14.3,,,,,,
259,D.J. Carton,,,,,,,,,,,,,,,,,23.0,13.3,24.0,14.5
260,D.J. Stephens,,,,,,,28.0,19.1,,,,,,,,,,,,
261,D.J. Wilson,,,,,21.0,13.3,22.0,14.4,23.0,18.1,24.0,19.7,25.0,17.0,,,27.0,17.3,,
262,DaQuan Jeffries,,,,,,,,,22.0,13.7,23.0,11.9,24.0,9.1,,,26.0,19.6,27.0,13.5
263,Daeqwon Plowden,,,,,,,,,,,,,,,,,,,26.0,17.0
264,Dahntay Jones,35.0,15.1,36.0,39.9,,,,,,,,,,,,,,,,
265,Dairis Bertāns,,,,,,,29.0,12.0,,,,,,,,,,,,
266,Daishen Nix,,,,,,,,,,,,,19.0,17.3,20.0,15.4,21.0,28.0,22.0,19.6
267,Dakari Johnson,,,,,22.0,13.5,,,,,,,,,,,,,,
268,Dakota Mathias,,,,,,,,,,,25.0,18.1,26.0,15.4,,,,,,
269,Dalano Banton,,,,,,,,,,,,,22.0,16.9,23.0,24.2,24.0,25.7,25.0,24.1
270,Dalen Terry,,,,,,,,,,,,,,,20.0,18.4,21.0,13.4,22.0,14.9
271,Dalton Knecht,,,,,,,,,,,,,,,,,,,23.0,18.5
272,Damian Jones,,,21.0,13.4,22.0,13.9,23.0,11.1,24.0,11.4,25.0,12.3,26.0,16.2,27.0,10.7,28.0,15.4,,
273,Damian Lillard,25.0,31.3,26.0,31.5,27.0,30.6,28.0,29.3,29.0,30.3,30.0,31.4,31.0,29.3,32.0,33.8,33.0,28.4,34.0,27.8
274,Damien Inglis,20.0,14.9,,,,,,,,,,,,,,,,,,
275,Damien Wilkins,,,,,38.0,13.4,,,,,,,,,,,,,,
276,Damion Baugh,,,,,,,,,,,,,,,,,,,24.0,19.3
277,Damion Lee,,,,,25.0,19.3,26.0,16.8,27.0,19.0,28.0,12.8,29.0,15.8,30.0,16.3,,,32.0,28.6
278,Damjan Rudež,29.0,12.7,30.0,13.6,,,,,,,,,,,,,,,,
279,Damyean Dotson,,,,,23.0,17.3,24.0,17.3,25.0,16.5,26.0,16.9,27.0,8.3,,,,,,
280,Daniel Gafford,,,,,,,,,21.0,13.3,22.0,16.7,23.0,16.7,24.0,15.2,25.0,14.7,26.0,19.5
281,Daniel Hamilton,,,,,22.0,19.9,23.0,15.7,,,,,,,,,,,,
282,Daniel Ochefu,,,23.0,18.0,,,,,,,,,,,,,,,,
283,Daniel Oturu,,,,,,,,,,,21.0,18.2,22.0,13.0,,,,,,
284,Daniel Theis,,,,,25.0,15.5,26.0,15.8,27.0,14.4,28.0,15.6,29.0,16.2,30.0,20.1,31.0,15.4,32.0,11.6
285,Danilo Gallinari,27.0,23.0,28.0,20.0,29.0,20.6,30.0,23.8,31.0,24.6,32.0,21.2,33.0,18.4,,,35.0,17.2,,
286,Daniss Jenkins,,,,,,,,,,,,,,,,,,,23.0,21.8
287,Danny Green,28.0,14.6,29.0,13.5,30.0,16.6,31.0,14.1,32.0,13.9,33.0,14.0,34.0,12.3,35.0,18.9,36.0,4.8,,
288,Dante Cunningham,28.0,11.0,29.0,10.7,30.0,11.6,31.0,8.9,,,,,,,,,,,,
289,Dante Exum,,,21.0,18.1,22.0,23.1,23.0,21.3,24.0,15.0,25.0,12.7,,,,,28.0,15.0,29.0,19.6
290,Danuel House Jr.,,,23.0,0.0,24.0,16.2,25.0,14.1,26.0,13.7,27.0,15.3,28.0,15.2,29.0,13.8,30.0,12.2,,
291,Dario Šarić,,,22.0,24.6,23.0,20.9,24.0,17.8,25.0,17.8,26.0,22.6,,,28.0,19.2,29.0,19.5,30.0,15.6
292,Dariq Whitehead,,,,,,,,,,,,,,,,,19.0,10.6,20.0,20.1
293,Darius Bazley,,,,,,,,,19.0,15.1,20.0,22.1,21.0,18.3,22.0,16.4,23.0,11.9,,
294,Darius Days,,,,,,,,,,,,,,,23.0,21.4,,,,
295,Darius Garland,,,,,,,,,20.0,20.7,21.0,24.9,22.0,27.8,23.0,26.9,24.0,25.3,25.0,27.2
296,Darius Miller,,,,,27.0,12.8,28.0,13.4,,,30.0,13.2,,,,,,,,
297,Darrell Arthur,27.0,16.7,28.0,17.3,29.0,19.5,,,,,,,,,,,,,,
298,Darren Collison,28.0,19.2,29.0,19.8,30.0,17.4,31.0,17.7,,,,,34.0,9.3,,,,,,
299,Darrun Hilliard,22.0,19.1,23.0,19.3,24.0,12.3,,,,,,,,,,,,,,
300,Daryl Macon,,,,,,,23.0,17.2,24.0,15.7,,,,,,,,,,
301,David Duke Jr.,,,,,,,,,,,,,22.0,15.9,23.0,20.1,24.0,18.5,25.0,21.2
302,David Johnson,,,,,,,,,,,,,20.0,21.4,,,,,,
303,David Lee,32.0,21.5,33.0,16.9,,,,,,,,,,,,,,,,
304,David Nwaba,,,24.0,11.8,25.0,15.6,26.0,14.6,27.0,14.2,28.0,16.6,29.0,15.8,,,,,,
305,David Roddy,,,,,,,,,,,,,,,21.0,16.7,22.0,18.1,23.0,16.0
306,David Stockton,,,,,26.0,28.8,,,,,,,,,,,,,,
307,David West,35.0,18.0,36.0,17.9,37.0,21.7,,,,,,,,,,,,,,
308,Davion Mitchell,,,,,,,,,,,,,23.0,20.6,24.0,14.1,25.0,14.9,26.0,13.6
309,Davon Reed,,,,,22.0,16.0,23.0,12.1,,,,,26.0,12.1,27.0,14.5,,,,
310,Day'Ron Sharpe,,,,,,,,,,,,,20.0,21.7,21.0,19.0,22.0,19.7,23.0,19.9
311,De'Aaron Fox,,,,,20.0,23.4,21.0,24.5,22.0,29.8,23.0,31.0,24.0,29.1,25.0,30.1,26.0,31.0,27.0,28.3
312,De'Andre Hunter,,,,,,,,,22.0,17.5,23.0,20.2,24.0,19.9,25.0,19.7,26.0,20.6,27.0,22.8
313,De'Anthony Melton,,,,,,,20.0,15.0,21.0,19.2,22.0,19.5,23.0,21.3,24.0,16.4,25.0,18.3,26.0,23.5
314,DeAndre Jordan,27.0,15.4,28.0,15.3,29.0,15.2,30.0,15.0,31.0,14.1,32.0,13.1,33.0,13.9,34.0,13.7,35.0,15.4,36.0,12.8
315,DeAndre Liggins,,,28.0,11.6,29.0,7.9,,,,,,,,,,,,,,
316,DeAndre' Bembry,,,22.0,14.2,23.0,18.2,24.0,17.2,25.0,14.0,26.0,14.6,27.0,11.2,,,,,,
317,DeJon Jarreau,,,,,,,,,,,,,24.0,0.0,,,26.0,18.3,,
318,DeJuan Blair,26.0,17.8,,,,,,,,,,,,,,,,,,
319,DeMar DeRozan,26.0,29.8,27.0,34.3,28.0,29.6,29.0,27.9,30.0,26.3,31.0,26.1,32.0,31.8,33.0,27.8,34.0,25.8,35.0,25.0
320,DeMarcus Cousins,25.0,35.4,26.0,36.5,27.0,31.9,28.0,28.1,,,30.0,24.5,31.0,28.1,,,,,,
321,DeMarre Carroll,29.0,18.5,30.0,15.6,31.0,19.8,32.0,18.6,33.0,14.8,,,,,,,,,,
322,DeVaughn Akoon-Purcell,,,,,,,25.0,25.0,,,,,,,,,,,,
323,Dean Wade,,,,,,,,,23.0,9.9,24.0,12.9,25.0,11.1,26.0,10.2,27.0,10.5,28.0,10.4
324,Deandre Ayton,,,,,,,20.0,21.2,21.0,23.7,22.0,18.2,23.0,21.4,24.0,22.9,25.0,21.1,26.0,19.4
325,Deividas Sirvydis,,,,,,,,,,,20.0,15.7,21.0,15.9,,,,,,
326,Dejounte Murray,,,20.0,23.5,21.0,20.7,,,23.0,20.8,24.0,23.4,25.0,27.3,26.0,24.4,27.0,26.6,28.0,27.3
327,Delon Wright,23.0,22.1,24.0,16.6,25.0,17.2,26.0,18.1,27.0,14.4,28.0,16.3,29.0,10.3,30.0,12.9,31.0,12.8,32.0,11.3
328,Demetrius Jackson,,,22.0,17.3,23.0,15.8,24.0,19.1,,,,,,,,,,,,
329,Deng Adel,,,,,,,21.0,9.9,,,,,,,,,,,,
330,Deni Avdija,,,,,,,,,,,20.0,12.0,21.0,16.3,22.0,16.7,23.0,20.2,24.0,23.2
331,Dennis Schröder,22.0,28.8,23.0,27.8,24.0,30.4,25.0,24.2,26.0,27.2,27.0,22.9,28.0,22.6,29.0,18.6,30.0,20.3,31.0,21.6
332,Dennis Smith Jr.,,,,,20.0,28.9,21.0,24.8,22.0,23.1,23.0,19.0,24.0,18.2,25.0,17.6,26.0,17.7,,
333,Denzel Valentine,,,23.0,15.4,24.0,17.5,,,26.0,23.3,27.0,19.5,28.0,15.5,,,,,,
334,Deonte Burton,,,,,,,25.0,16.3,26.0,18.5,,,,,29.0,14.3,,,,
335,Dereck Lively II,,,,,,,,,,,,,,,,,19.0,12.6,20.0,13.6
336,Dereon Seabron,,,,,,,,,,,,,,,22.0,17.9,23.0,12.4,,
337,Deron Williams,31.0,22.0,32.0,22.1,,,,,,,,,,,,,,,,
338,Derrick Favors,24.0,23.9,25.0,20.7,26.0,18.5,27.0,19.4,28.0,14.0,29.0,13.0,30.0,13.4,,,,,,
339,Derrick Jones Jr.,,,19.0,11.7,20.0,12.9,21.0,15.6,22.0,13.9,23.0,12.3,24.0,12.5,25.0,14.5,26.0,14.9,27.0,16.5
340,Derrick Rose,27.0,27.3,28.0,25.7,29.0,25.4,30.0,27.3,31.0,31.6,32.0,25.8,33.0,22.5,34.0,23.6,35.0,22.3,,
341,Derrick Walton,,,,,22.0,9.1,,,24.0,8.1,,,26.0,15.4,,,,,,
342,Derrick White,,,,,23.0,15.4,24.0,17.7,25.0,18.9,26.0,22.4,27.0,19.9,28.0,17.7,29.0,18.6,30.0,19.8
343,Derrick Williams,24.0,23.3,25.0,17.2,26.0,18.9,,,,,,,,,,,,,,
344,Desmond Bane,,,,,,,,,,,22.0,16.1,23.0,23.1,24.0,26.1,25.0,28.5,26.0,23.3
345,Devin Booker,19.0,23.0,20.0,28.6,21.0,31.7,22.0,32.9,23.0,30.0,24.0,32.7,25.0,32.0,26.0,31.8,27.0,29.8,28.0,29.3
346,Devin Cannady,,,,,,,,,,,24.0,19.3,25.0,15.5,,,,,,
347,Devin Carter,,,,,,,,,,,,,,,,,,,22.0,17.9
348,Devin Harris,32.0,17.9,33.0,19.7,34.0,20.2,35.0,18.5,,,,,,,,,,,,
349,Devin Robinson,,,,,22.0,10.2,23.0,17.9,,,,,,,,,,,,
350,Devin Vassell,,,,,,,,,,,20.0,14.3,21.0,18.9,22.0,24.4,23.0,23.5,24.0,22.1
351,Devon Dotson,,,,,,,,,,,21.0,18.2,22.0,16.6,23.0,10.7,,,,
352,Devon Hall,,,,,,,,,24.0,20.9,,,,,,,,,,
353,Devontae Cacok,,,,,,,,,23.0,28.1,24.0,17.2,25.0,12.9,,,,,,
354,Devonte' Graham,,,,,,,23.0,17.0,24.0,24.8,25.0,21.4,26.0,19.5,27.0,17.1,28.0,17.8,,
355,Devyn Marble,23.0,15.7,,,,,,,,,,,,,,,,,,
356,Dewan Hernandez,,,,,,,,,23.0,29.3,,,,,,,,,,
357,Dewayne Dedmon,26.0,15.2,27.0,12.3,28.0,17.0,29.0,16.7,30.0,18.1,31.0,19.3,32.0,16.9,33.0,20.6,,,,
358,Dexter Dennis,,,,,,,,,,,,,,,,,24.0,33.3,,
359,Deyonta Davis,,,20.0,12.0,21.0,15.3,22.0,10.1,,,,,,,,,,,,
360,Diamond Stone,,,19.0,31.3,,,,,,,,,,,,,,,,
361,Didi Louzada,,,,,,,,,,,21.0,12.0,22.0,13.0,,,,,,
362,Dillon Brooks,,,,,22.0,18.5,23.0,20.9,24.0,25.2,25.0,26.1,26.0,28.8,27.0,21.8,28.0,17.6,29.0,17.7
363,Dillon Jones,,,,,,,,,,,,,,,,,,,23.0,13.3
364,Dion Waiters,24.0,17.7,25.0,26.3,26.0,25.0,27.0,21.1,28.0,25.2,,,,,,,,,,
365,Dirk Nowitzki,37.0,25.5,38.0,25.8,39.0,20.5,40.0,22.5,,,,,,,,,,,,
366,Dmytro Skapintsev,,,,,,,,,,,,,,,,,25.0,21.6,,
367,Domantas Sabonis,,,20.0,15.4,21.0,22.1,22.0,23.5,23.0,23.3,24.0,24.1,25.0,22.3,26.0,21.3,27.0,22.2,28.0,21.6
368,Dominick Barlow,,,,,,,,,,,,,,,19.0,11.3,20.0,14.1,21.0,14.5
369,Donald Sloan,28.0,16.1,,,,,,,,,,,,,,,,,,
370,Donatas Motiejūnas,25.0,21.4,26.0,17.6,,,28.0,33.5,,,,,,,,,,,,
371,Donovan Clingan,,,,,,,,,,,,,,,,,,,20.0,14.2
372,Donovan Mitchell,,,,,21.0,29.1,22.0,31.6,23.0,30.8,24.0,33.5,25.0,32.9,26.0,32.1,27.0,31.4,28.0,30.9
373,Donovan Williams,,,,,,,,,,,,,,,21.0,52.5,,,,
374,Donta Hall,,,,,,,,,22.0,11.1,23.0,14.0,,,,,,,,
375,Donte DiVincenzo,,,,,,,22.0,15.1,23.0,17.3,24.0,16.7,25.0,18.9,26.0,15.1,27.0,21.3,28.0,19.4
376,Donte Grantham,,,,,,,23.0,40.7,,,,,,,,,,,,
377,Dorian Finney-Smith,,,23.0,11.6,24.0,15.1,25.0,14.0,26.0,12.9,27.0,12.2,28.0,13.8,29.0,13.2,30.0,13.2,31.0,12.3
378,Doug McDermott,24.0,17.3,25.0,16.4,26.0,15.0,27.0,16.3,28.0,19.6,29.0,20.0,30.0,18.3,31.0,19.2,32.0,14.9,33.0,15.7
379,Dragan Bender,,,19.0,14.4,20.0,12.7,21.0,13.4,22.0,17.7,,,,,,,,,,
380,Draymond Green,25.0,18.8,26.0,16.2,27.0,17.2,28.0,13.1,29.0,15.7,30.0,13.1,31.0,14.3,32.0,13.2,33.0,15.3,34.0,15.9
381,Drew Eubanks,,,,,,,21.0,15.5,22.0,15.8,23.0,17.1,24.0,17.5,25.0,12.5,26.0,13.2,27.0,15.1
382,Drew Gooden,34.0,17.5,,,,,,,,,,,,,,,,,,
383,Drew Peterson,,,,,,,,,,,,,,,,,24.0,13.3,25.0,12.5
384,Drew Timme,,,,,,,,,,,,,,,,,,,24.0,21.3
385,Dru Smith,,,,,,,,,,,,,,,25.0,13.8,26.0,13.2,27.0,13.8
386,Duane Washington Jr.,,,,,,,,,,,,,21.0,22.6,22.0,32.5,,,,
387,Duje Dukan,24.0,17.7,,,,,,,,,,,,,,,,,,
388,Duncan Robinson,,,,,,,24.0,14.0,25.0,16.0,26.0,16.6,27.0,17.7,28.0,17.9,29.0,19.0,30.0,19.2
389,Duop Reath,,,,,,,,,,,,,,,,,27.0,20.7,28.0,17.0
390,Dusty Hannahs,,,,,,,25.0,23.9,26.0,31.6,,,,,,,,,,
391,Dwayne Bacon,,,,,22.0,13.7,23.0,16.8,24.0,19.5,25.0,19.8,,,,,,,,
392,Dwight Buycks,,,,,28.0,26.5,,,,,,,,,,,,,,
393,Dwight Howard,30.0,18.4,31.0,19.2,32.0,24.2,33.0,19.6,34.0,14.7,35.0,18.2,36.0,14.6,,,,,,
394,Dwight Powell,24.0,18.4,25.0,16.7,26.0,15.5,27.0,17.2,28.0,12.6,29.0,13.2,30.0,14.0,31.0,12.6,32.0,9.1,33.0,7.6
395,Dwyane Wade,34.0,31.6,35.0,29.6,36.0,26.2,37.0,27.9,,,,,,,,,,,,
396,Dylan Windler,,,,,,,,,,,24.0,14.8,25.0,11.8,26.0,17.9,27.0,12.5,,
397,Dyson Daniels,,,,,,,,,,,,,,,19.0,11.6,20.0,12.6,21.0,18.2
398,Dāvis Bertāns,,,24.0,15.7,25.0,17.4,26.0,14.1,27.0,19.0,28.0,15.9,29.0,17.3,30.0,16.2,31.0,17.4,,
399,Džanan Musa,,,,,,,19.0,29.0,20.0,20.1,,,,,,,,,,
400,E'Twaun Moore,26.0,15.9,27.0,17.4,28.0,16.1,29.0,17.3,30.0,19.9,31.0,17.2,,,,,,,,
401,E.J. Liddell,,,,,,,,,,,,,,,,,23.0,16.8,24.0,14.1
402,Ed Davis,26.0,12.7,27.0,12.0,28.0,12.1,29.0,12.7,30.0,9.4,31.0,7.9,32.0,6.0,,,,,,
403,Edmond Sumner,,,,,22.0,22.3,23.0,17.6,24.0,17.3,25.0,18.3,,,27.0,22.1,,,,
404,Edy Tavares,23.0,16.9,24.0,13.2,,,,,,,,,,,,,,,,
405,Ekpe Udoh,,,,,30.0,9.1,31.0,13.1,,,,,,,,,,,,
406,Elfrid Payton,21.0,20.4,22.0,21.6,23.0,21.9,24.0,18.3,25.0,19.5,26.0,23.2,27.0,18.5,,,,,30.0,15.2
407,Elie Okobo,,,,,,,21.0,17.0,22.0,14.8,,,,,,,,,,
408,Elijah Bryant,,,,,,,,,,,25.0,24.0,,,,,,,,
409,Elijah Harkless,,,,,,,,,,,,,,,,,,,24.0,12.3
410,Elijah Hughes,,,,,,,,,,,22.0,25.4,23.0,16.5,,,,,,
411,Elijah Millsap,28.0,14.9,29.0,18.0,,,,,,,,,,,,,,,,
412,Elliot Williams,26.0,12.7,,,,,,,,,,,,,,,,,,
413,Elton Brand,36.0,16.9,,,,,,,,,,,,,,,,,,
414,Emanuel Miller,,,,,,,,,,,,,,,,,,,24.0,14.8
415,Emanuel Terry,,,,,,,22.0,20.1,,,,,25.0,23.9,,,,,,
416,Emeka Okafor,,,,,35.0,14.4,,,,,,,,,,,,,,
417,Emmanuel Mudiay,19.0,25.7,20.0,22.6,21.0,24.4,22.0,25.6,23.0,22.6,,,25.0,18.6,,,,,,
418,Emoni Bates,,,,,,,,,,,,,,,,,20.0,19.5,21.0,22.6
419,Enes Freedom,23.0,23.4,24.0,27.3,25.0,21.8,26.0,23.1,27.0,19.4,28.0,17.4,29.0,13.9,,,,,,
420,Enrique Freeman,,,,,,,,,,,,,,,,,,,24.0,12.3
421,Eric Bledsoe,26.0,27.2,27.0,28.1,28.0,26.1,29.0,22.9,30.0,23.7,31.0,18.5,32.0,20.5,,,,,,
422,Eric Gordon,27.0,20.3,28.0,22.1,29.0,24.7,30.0,22.0,31.0,22.5,32.0,25.2,33.0,18.6,34.0,17.8,35.0,16.5,36.0,14.4
423,Eric Mika,,,,,,,,,25.0,8.9,,,,,,,,,,
424,Eric Moreland,24.0,9.5,,,26.0,9.7,27.0,12.0,,,,,,,,,,,,
425,Eric Paschall,,,,,,,,,23.0,21.4,24.0,23.5,25.0,17.7,,,,,,
426,Erick Green,24.0,15.2,,,,,,,,,,,,,,,,,,
427,Erik McCree,,,,,24.0,16.9,,,,,,,,,,,,,,
428,Ersan İlyasova,28.0,18.6,29.0,22.2,30.0,18.7,31.0,15.7,32.0,16.1,33.0,18.7,,,,,,,,
429,Eugene Omoruyi,,,,,,,,,,,,,24.0,16.9,25.0,19.3,26.0,22.5,,
430,Evan Fournier,23.0,20.1,24.0,23.5,25.0,23.3,26.0,22.1,27.0,23.9,28.0,23.1,29.0,20.8,30.0,18.4,31.0,19.0,,
431,Evan Mobley,,,,,,,,,,,,,20.0,20.4,21.0,20.2,22.0,20.6,23.0,23.2
432,Evan Turner,27.0,18.8,28.0,18.5,29.0,15.6,30.0,15.9,31.0,16.4,,,,,,,,,,
433,Facundo Campazzo,,,,,,,,,,,29.0,13.1,30.0,14.7,31.0,14.7,,,,
434,Feron Hunt,,,,,,,,,,,,,22.0,16.4,,,,,,
435,Festus Ezeli,26.0,18.2,,,,,,,,,,,,,,,,,,
436,Filip Petrušev,,,,,,,,,,,,,,,,,23.0,12.3,,
437,Frank Jackson,,,,,,,20.0,18.5,21.0,21.2,22.0,21.3,23.0,20.9,24.0,25.1,,,,
438,Frank Kaminsky,22.0,17.1,23.0,21.8,24.0,20.5,25.0,22.1,26.0,21.0,27.0,19.0,28.0,19.0,29.0,14.1,,,,
439,Frank Mason III,,,,,23.0,22.6,24.0,21.8,25.0,24.3,26.0,17.5,,,,,,,,
440,Frank Ntilikina,,,,,19.0,16.9,20.0,16.6,21.0,15.4,22.0,13.6,23.0,17.4,24.0,13.1,25.0,11.2,,
441,Franz Wagner,,,,,,,,,,,,,20.0,21.2,21.0,23.5,22.0,25.7,23.0,31.0
442,Fred VanVleet,,,22.0,20.6,23.0,19.1,24.0,17.9,25.0,21.7,26.0,23.9,27.0,23.7,28.0,23.2,29.0,19.7,30.0,17.7
443,Freddie Gillespie,,,,,,,,,,,23.0,12.2,24.0,10.9,,,,,,
444,Furkan Korkmaz,,,,,20.0,16.9,21.0,17.9,22.0,18.4,23.0,20.5,24.0,17.6,25.0,19.1,26.0,13.6,,
445,GG Jackson II,,,,,,,,,,,,,,,,,19.0,24.2,20.0,21.7
446,Gabe Vincent,,,,,,,,,23.0,20.2,24.0,19.1,25.0,17.8,26.0,17.5,27.0,10.9,28.0,13.5
447,Gabe York,,,,,,,,,,,,,28.0,20.8,29.0,16.4,,,,
448,Gabriel Deck,,,,,,,,,,,25.0,16.6,26.0,12.3,,,,,,
449,Gabriel Lundberg,,,,,,,,,,,,,27.0,21.5,,,,,,
450,Garrett Temple,29.0,14.0,30.0,14.2,31.0,16.4,32.0,13.2,33.0,16.6,34.0,13.1,35.0,13.9,36.0,13.4,37.0,15.0,38.0,13.9
451,Garrison Mathews,,,,,,,,,23.0,14.5,24.0,11.5,25.0,14.4,26.0,14.7,27.0,11.1,28.0,15.9
452,Gary Clark,,,,,,,24.0,10.9,25.0,11.0,26.0,10.1,27.0,11.6,,,,,,
453,Gary Harris,21.0,16.5,22.0,18.4,23.0,20.8,24.0,20.0,25.0,15.1,26.0,16.7,27.0,16.4,28.0,12.6,29.0,11.7,30.0,9.5
454,Gary Neal,31.0,20.5,32.0,21.2,,,,,,,,,,,,,,,,
455,Gary Payton II,,,24.0,15.8,25.0,16.8,26.0,23.8,27.0,13.4,28.0,16.8,29.0,14.3,30.0,10.3,31.0,13.6,32.0,16.1
456,Gary Trent Jr.,,,,,,,20.0,21.7,21.0,15.3,22.0,20.9,23.0,21.8,24.0,21.7,25.0,20.0,26.0,17.1
457,George Hill,29.0,15.8,30.0,23.5,31.0,16.3,32.0,15.1,33.0,15.5,34.0,15.9,35.0,11.7,36.0,11.3,,,,
458,George King,,,,,,,25.0,0.0,,,,,28.0,16.3,,,,,,
459,Georges Niang,,,23.0,20.2,24.0,20.9,25.0,17.8,26.0,17.2,27.0,17.4,28.0,16.8,29.0,17.0,30.0,17.6,31.0,17.9
460,Georgios Kalaitzakis,,,,,,,,,,,,,23.0,20.2,,,,,,
461,Georgios Papagiannis,,,19.0,16.9,20.0,18.4,,,,,,,,,,,,,,
462,Gerald Green,30.0,19.8,31.0,22.7,32.0,22.4,33.0,19.5,,,,,,,,,,,,
463,Gerald Henderson,28.0,20.2,29.0,17.9,,,,,,,,,,,,,,,,
464,Gian Clavell,,,,,24.0,14.8,,,,,,,,,,,,,,
465,Giannis Antetokounmpo,21.0,22.3,22.0,28.3,23.0,31.2,24.0,32.3,25.0,37.5,26.0,32.5,27.0,34.9,28.0,38.8,29.0,33.0,30.0,35.2
466,Glenn Robinson III,22.0,16.1,23.0,12.8,24.0,12.5,25.0,15.0,26.0,16.4,27.0,14.0,,,,,,,,
467,Goga Bitadze,,,,,,,,,20.0,17.9,21.0,18.1,22.0,19.9,23.0,15.4,24.0,13.3,25.0,14.3
468,Goran Dragić,29.0,21.9,30.0,27.1,31.0,25.7,32.0,23.7,33.0,25.9,34.0,24.5,35.0,17.2,36.0,21.1,,,,
469,Gordon Hayward,25.0,25.7,26.0,27.6,27.0,17.9,28.0,19.0,29.0,21.1,30.0,23.9,31.0,20.7,32.0,20.0,33.0,18.4,,
470,Gorgui Dieng,26.0,16.7,27.0,14.0,28.0,16.3,29.0,19.6,30.0,17.6,31.0,17.4,32.0,16.9,33.0,17.9,,,,
471,Gradey Dick,,,,,,,,,,,,,,,,,20.0,17.4,21.0,21.0
472,Grant Riller,,,,,,,,,,,23.0,20.7,,,,,,,,
473,Grant Williams,,,,,,,,,21.0,11.6,22.0,12.3,23.0,12.6,24.0,13.1,25.0,15.9,26.0,14.8
474,Grayson Allen,,,,,,,23.0,24.4,24.0,17.6,25.0,16.8,26.0,15.2,27.0,14.6,28.0,14.5,29.0,17.6
475,Greg Brown III,,,,,,,,,,,,,20.0,17.2,21.0,18.4,22.0,20.3,,
476,Greg Monroe,25.0,23.5,26.0,24.3,27.0,22.4,28.0,22.6,,,,,31.0,17.3,,,,,,
477,Greg Smith,25.0,10.8,,,,,,,,,,,,,,,,,,
478,Greg Whittington,,,,,,,,,,,27.0,10.9,,,,,,,,
479,Greivis Vásquez,29.0,18.5,30.0,11.3,,,,,,,,,,,,,,,,
480,Guerschon Yabusele,,,,,22.0,15.7,23.0,17.5,,,,,,,,,,,29.0,16.3
481,Gui Santos,,,,,,,,,,,,,,,,,21.0,15.2,22.0,13.2
482,Hamidou Diallo,,,,,,,20.0,16.6,21.0,18.4,22.0,22.2,23.0,21.8,24.0,21.8,25.0,25.3,,
483,Harrison Barnes,23.0,15.9,24.0,25.3,25.0,25.2,26.0,20.9,27.0,17.4,28.0,17.2,29.0,18.8,30.0,17.1,31.0,15.7,32.0,15.7
484,Harrison Ingram,,,,,,,,,,,,,,,,,,,22.0,6.1
485,Harry Giles,,,,,,,20.0,23.2,21.0,20.6,22.0,15.9,,,,,25.0,26.7,,
486,Hassan Whiteside,26.0,20.7,27.0,22.7,28.0,24.7,29.0,22.6,30.0,19.6,31.0,23.5,32.0,17.1,,,,,,
487,Hassani Gravett,,,,,,,,,,,,,25.0,12.3,,,,,,
488,Haywood Highsmith,,,,,,,22.0,12.4,,,,,25.0,14.0,26.0,12.5,27.0,12.4,28.0,11.3
489,Henri Drell,,,,,,,,,,,,,,,,,23.0,18.8,,
490,Henry Ellenson,,,20.0,24.7,21.0,23.8,22.0,19.0,23.0,19.5,24.0,17.9,,,,,,,,
491,Henry Sims,25.0,17.3,,,,,,,,,,,,,,,,,,
492,Herbert Jones,,,,,,,,,,,,,23.0,13.7,24.0,14.5,25.0,14.1,26.0,14.6
493,Hollis Thompson,24.0,16.2,25.0,13.0,,,,,,,,,,,,,,,,
494,Hunter Tyson,,,,,,,,,,,,,,,,,23.0,20.0,24.0,15.5
495,Ian Clark,24.0,19.5,25.0,19.5,26.0,17.2,27.0,19.3,,,,,,,,,,,,
496,Ian Mahinmi,29.0,15.7,30.0,14.0,31.0,15.6,32.0,12.9,33.0,15.7,,,,,,,,,,
497,Ibou Badji,,,,,,,,,,,,,,,,,21.0,8.0,,
498,Ignas Brazdeikis,,,,,,,,,21.0,21.0,22.0,17.6,23.0,17.7,,,,,,
499,Ike Anigbogu,,,,,19.0,20.3,20.0,29.1,,,,,,,,,,,,
500,Iman Shumpert,25.0,13.2,26.0,14.0,27.0,12.9,28.0,14.5,29.0,13.4,30.0,19.8,,,,,,,,
501,Immanuel Quickley,,,,,,,,,,,21.0,25.6,22.0,22.2,23.0,20.9,24.0,23.8,25.0,25.1
502,Isaac Bonga,,,,,,,19.0,15.7,20.0,11.0,21.0,10.2,22.0,11.5,,,,,,
503,Isaac Humphries,,,,,,,21.0,15.2,,,,,,,,,,,,
504,Isaac Jones,,,,,,,,,,,,,,,,,,,24.0,16.3
505,Isaac Okoro,,,,,,,,,,,20.0,14.3,21.0,12.4,22.0,11.9,23.0,13.9,24.0,12.5
506,Isaiah Briscoe,,,,,,,22.0,14.1,,,,,,,,,,,,
507,Isaiah Canaan,24.0,19.9,25.0,15.4,26.0,18.9,27.0,14.2,,,,,,,,,,,,
508,Isaiah Collier,,,,,,,,,,,,,,,,,,,20.0,18.9
509,Isaiah Crawford,,,,,,,,,,,,,,,,,,,23.0,12.9
510,Isaiah Hartenstein,,,,,,,20.0,11.8,21.0,14.8,22.0,19.2,23.0,18.4,24.0,11.2,25.0,12.0,26.0,16.7
511,Isaiah Hicks,,,,,23.0,17.4,24.0,15.0,,,,,,,,,,,,
512,Isaiah Jackson,,,,,,,,,,,,,20.0,22.5,21.0,17.4,22.0,17.2,23.0,17.6
513,Isaiah Joe,,,,,,,,,,,21.0,17.4,22.0,15.5,23.0,17.7,24.0,16.6,25.0,17.2
514,Isaiah Livers,,,,,,,,,,,,,23.0,12.4,24.0,11.9,25.0,12.7,,
515,Isaiah Mobley,,,,,,,,,,,,,,,23.0,16.4,24.0,16.2,25.0,20.2
516,Isaiah Roby,,,,,,,,,21.0,8.0,22.0,17.7,23.0,19.0,24.0,17.8,,,,
517,Isaiah Stevens,,,,,,,,,,,,,,,,,,,24.0,14.8
518,Isaiah Stewart,,,,,,,,,,,19.0,15.5,20.0,14.6,21.0,17.3,22.0,14.5,23.0,12.4
519,Isaiah Taylor,,,22.0,6.4,23.0,20.1,,,,,,,,,,,,,,
520,Isaiah Thomas,26.0,29.6,27.0,34.0,28.0,28.8,29.0,30.4,30.0,24.1,31.0,29.7,32.0,24.8,,,34.0,22.8,,
521,Isaiah Todd,,,,,,,,,,,,,20.0,19.6,21.0,15.6,,,,
522,Isaiah Whitehead,,,21.0,18.2,22.0,28.5,,,,,,,,,,,,,,
523,Isaiah Wong,,,,,,,,,,,,,,,,,23.0,31.4,24.0,22.1
524,Ish Smith,27.0,23.9,28.0,20.5,29.0,20.8,30.0,19.9,31.0,19.1,32.0,15.8,33.0,20.1,34.0,19.3,35.0,12.3,,
525,Ish Wainright,,,,,,,,,,,,,27.0,14.7,28.0,12.2,29.0,18.5,,
526,Ivan Rabb,,,,,20.0,17.7,21.0,17.2,,,,,,,,,,,,
527,Ivica Zubac,,,19.0,20.3,20.0,17.6,21.0,20.3,22.0,16.4,23.0,15.1,24.0,16.8,25.0,14.8,26.0,16.4,27.0,19.5
528,Izaiah Brockington,,,,,,,,,,,,,,,,,24.0,72.5,,
529,J.J. Barea,31.0,23.8,32.0,26.2,33.0,24.9,34.0,28.1,35.0,24.2,,,,,,,,,,
530,J.J. Hickson,27.0,22.6,,,,,,,,,,,,,,,,,,
531,J.J. O'Brien,23.0,7.7,,,,,,,,,,,,,,,,,,
532,J.P. Macura,,,,,,,23.0,22.8,24.0,0.0,,,,,,,,,,
533,J.R. Smith,30.0,18.0,31.0,14.6,32.0,13.8,33.0,18.6,34.0,14.3,,,,,,,,,,
534,JD Davison,,,,,,,,,,,,,,,20.0,15.8,21.0,17.6,22.0,23.6
535,JJ Redick,31.0,22.6,32.0,22.0,33.0,21.7,34.0,21.9,35.0,20.4,36.0,19.2,,,,,,,,
536,JT Thor,,,,,,,,,,,,,19.0,12.0,20.0,13.1,21.0,11.7,22.0,13.1
537,Ja Morant,,,,,,,,,20.0,25.9,21.0,27.2,22.0,33.7,23.0,34.9,24.0,30.4,25.0,32.2
538,Ja'Kobe Walter,,,,,,,,,,,,,,,,,,,20.0,18.2
539,JaKarr Sampson,22.0,16.6,,,24.0,12.5,25.0,23.1,26.0,13.2,27.0,19.0,,,,,,,,
540,JaMychal Green,25.0,19.8,26.0,14.4,27.0,17.8,28.0,19.4,29.0,13.7,30.0,17.6,31.0,17.2,32.0,17.5,,,,
541,JaQuori McLaughlin,,,,,,,,,,,,,24.0,8.2,,,,,,
542,JaVale McGee,28.0,21.1,29.0,23.8,30.0,19.2,31.0,20.2,32.0,14.8,33.0,23.9,34.0,22.8,35.0,22.8,36.0,23.4,,
543,Jabari Bird,,,,,23.0,15.4,,,,,,,,,,,,,,
544,Jabari Parker,20.0,20.9,21.0,26.5,22.0,24.4,23.0,24.6,24.0,24.0,25.0,18.5,26.0,19.6,,,,,,
545,Jabari Smith Jr.,,,,,,,,,,,,,,,19.0,18.4,20.0,17.6,21.0,16.4
546,Jabari Walker,,,,,,,,,,,,,,,20.0,17.3,21.0,16.3,22.0,16.3
547,Jack Cooley,,,,,26.0,19.8,,,,,,,,,,,,,,
548,Jack McVeigh,,,,,,,,,,,,,,,,,,,28.0,18.2
549,Jack White,,,,,,,,,,,,,,,25.0,14.7,26.0,12.1,,
550,Jackson Rowe,,,,,,,,,,,,,,,,,,,28.0,16.7
551,Jacob Evans,,,,,,,21.0,13.5,22.0,17.5,,,,,,,,,,
552,Jacob Gilyard,,,,,,,,,,,,,,,24.0,5.1,25.0,11.1,,
553,Jacob Pullen,,,,,28.0,21.3,,,,,,,,,,,,,,
554,Jacob Toppin,,,,,,,,,,,,,,,,,23.0,12.4,24.0,13.9
555,Jacob Wiley,,,,,23.0,6.4,,,,,,,,,,,,,,
556,Jaden Hardy,,,,,,,,,,,,,,,20.0,26.4,21.0,24.9,22.0,25.3
557,Jaden Ivey,,,,,,,,,,,,,,,20.0,25.4,21.0,24.9,22.0,26.0
558,Jaden McDaniels,,,,,,,,,,,20.0,12.0,21.0,15.3,22.0,15.8,23.0,15.7,24.0,16.3
559,Jaden Springer,,,,,,,,,,,,,19.0,15.0,20.0,20.8,21.0,17.1,22.0,14.3
560,Jae Crowder,25.0,18.5,26.0,17.0,27.0,17.3,28.0,19.1,29.0,15.5,30.0,15.7,31.0,14.6,32.0,13.2,33.0,11.5,34.0,12.0
561,Jae'Sean Tate,,,,,,,,,,,25.0,16.4,26.0,19.6,27.0,18.8,28.0,11.7,29.0,13.3
562,Jahlil Okafor,20.0,27.3,21.0,24.1,22.0,21.0,23.0,19.9,24.0,19.9,25.0,16.8,,,,,,,29.0,0.0
563,Jahmi'us Ramsey,,,,,,,,,,,19.0,19.8,20.0,22.2,,,22.0,17.9,,
564,Jahmir Young,,,,,,,,,,,,,,,,,,,24.0,9.6
565,Jaime Echenique,,,,,,,,,,,,,24.0,0.0,,,,,,
566,Jaime Jaquez Jr.,,,,,,,,,,,,,,,,,22.0,18.7,23.0,20.2
567,Jake LaRavia,,,,,,,,,,,,,,,21.0,11.7,22.0,21.1,23.0,14.4
568,Jake Layman,,,22.0,19.0,23.0,14.6,24.0,15.9,25.0,17.7,26.0,15.1,27.0,16.4,,,,,,
569,Jakob Poeltl,,,21.0,12.1,22.0,14.8,23.0,13.1,24.0,13.2,25.0,13.4,26.0,18.3,27.0,18.2,28.0,16.2,29.0,18.7
570,Jalen Bridges,,,,,,,,,,,,,,,,,,,23.0,18.8
571,Jalen Brunson,,,,,,,22.0,19.1,23.0,20.4,24.0,20.2,25.0,21.9,26.0,27.2,27.0,32.5,28.0,29.5
572,Jalen Crutcher,,,,,,,,,,,,,,,,,24.0,14.5,,
573,Jalen Duren,,,,,,,,,,,,,,,19.0,14.3,20.0,18.5,21.0,16.4
574,Jalen Green,,,,,,,,,,,,,19.0,23.7,20.0,28.1,21.0,27.4,22.0,27.3
575,Jalen Harris,,,,,,,,,,,22.0,22.6,,,,,,,,
576,Jalen Hood-Schifino,,,,,,,,,,,,,,,,,20.0,24.9,21.0,17.3
577,Jalen Johnson,,,,,,,,,,,,,20.0,19.3,21.0,16.0,22.0,19.1,23.0,22.5
578,Jalen Jones,,,,,24.0,20.9,25.0,16.7,,,,,,,,,,,,
579,Jalen Lecque,,,,,,,,,19.0,17.1,20.0,36.6,,,,,,,,
580,Jalen McDaniels,,,,,,,,,22.0,13.3,23.0,17.0,24.0,15.3,25.0,17.2,26.0,18.7,27.0,0.0
581,Jalen Pickett,,,,,,,,,,,,,,,,,24.0,16.4,25.0,13.2
582,Jalen Slawson,,,,,,,,,,,,,,,,,24.0,9.2,,
583,Jalen Smith,,,,,,,,,,,20.0,17.1,21.0,20.3,22.0,21.0,23.0,19.4,24.0,21.0
584,Jalen Suggs,,,,,,,,,,,,,20.0,25.3,21.0,20.3,22.0,19.7,23.0,27.5
585,Jalen Williams,,,,,,,,,,,,,,,21.0,18.4,22.0,23.7,23.0,27.5
586,Jalen Wilson,,,,,,,,,,,,,,,,,23.0,14.3,24.0,16.6
587,Jamal Cain,,,,,,,,,,,,,,,23.0,15.1,24.0,16.7,25.0,17.0
588,Jamal Crawford,35.0,24.9,36.0,22.7,37.0,23.7,38.0,20.8,39.0,27.9,,,,,,,,,,
589,Jamal Murray,,,19.0,21.6,20.0,22.8,21.0,24.9,22.0,25.2,23.0,24.8,,,25.0,26.1,26.0,27.9,27.0,24.0
590,Jamal Shead,,,,,,,,,,,,,,,,,,,22.0,18.6
591,Jamaree Bouyea,,,,,,,,,,,,,,,23.0,11.8,24.0,16.5,25.0,16.0
592,Jameel Warney,,,,,24.0,25.6,,,,,,,,,,,,,,
593,Jameer Nelson,33.0,16.4,34.0,15.8,35.0,13.7,,,,,,,,,,,,,,
594,Jamel Artis,,,,,25.0,14.5,,,,,,,,,,,,,,
595,James Anderson,26.0,13.7,,,,,,,,,,,,,,,,,,
596,James Bouknight,,,,,,,,,,,,,21.0,23.7,22.0,19.5,23.0,23.9,,
597,James Ennis III,25.0,19.8,26.0,13.0,27.0,13.7,28.0,12.7,29.0,15.7,30.0,13.9,31.0,22.0,,,,,,
598,James Harden,26.0,32.5,27.0,34.2,28.0,36.1,29.0,40.5,30.0,36.3,31.0,28.4,32.0,27.2,33.0,25.0,34.0,20.6,35.0,29.6
599,James Johnson,28.0,15.9,29.0,22.0,30.0,19.1,31.0,17.8,32.0,19.4,33.0,17.1,34.0,13.7,35.0,15.7,36.0,14.2,37.0,18.0
600,James Jones,35.0,16.2,36.0,13.0,,,,,,,,,,,,,,,,
601,James Michael McAdoo,23.0,20.1,24.0,14.6,25.0,21.0,,,,,,,,,,,,,,
602,James Nunnally,,,,,,,28.0,15.3,,,30.0,13.9,,,,,,,,
603,James Webb III,,,,,24.0,10.1,,,,,,,,,,,,,,
604,James Wiseman,,,,,,,,,,,19.0,23.8,,,21.0,21.2,22.0,16.3,23.0,42.2
605,James Young,20.0,9.1,21.0,13.3,22.0,12.3,,,,,,,,,,,,,,
606,Jamil Wilson,,,,,27.0,14.3,,,,,,,,,,,,,,
607,Jamison Battle,,,,,,,,,,,,,,,,,,,23.0,15.3
608,Jamorko Pickett,,,,,,,,,,,,,24.0,13.6,,,,,,
609,Jarace Walker,,,,,,,,,,,,,,,,,20.0,16.1,21.0,17.1
610,Jared Butler,,,,,,,,,,,,,21.0,23.1,22.0,20.1,23.0,19.9,24.0,23.6
611,Jared Cunningham,24.0,16.5,,,,,,,,,,,,,,,,,,
612,Jared Dudley,30.0,12.7,31.0,13.8,32.0,10.2,33.0,10.4,34.0,8.0,35.0,5.9,,,,,,,,
613,Jared Harper,,,,,,,,,22.0,21.3,23.0,24.4,24.0,29.7,,,,,,
614,Jared McCain,,,,,,,,,,,,,,,,,,,20.0,24.7
615,Jared Rhoden,,,,,,,,,,,,,,,23.0,10.7,24.0,13.3,25.0,19.7
616,Jared Sullinger,23.0,21.8,24.0,20.7,,,,,,,,,,,,,,,,
617,Jared Terrell,,,,,,,23.0,19.6,,,,,,,,,,,,
618,Jarell Eddie,24.0,20.7,25.0,16.2,26.0,9.8,,,,,,,,,,,,,,
619,Jarell Martin,21.0,19.2,22.0,16.4,23.0,17.1,24.0,15.9,,,,,,,,,,,,
620,Jaren Jackson Jr.,,,,,,,19.0,22.8,20.0,24.0,21.0,25.9,22.0,25.4,23.0,24.7,24.0,30.4,25.0,28.1
621,Jarnell Stokes,22.0,14.9,23.0,11.4,,,,,,,,,,,,,,,,
622,Jaron Blossomgame,,,,,,,25.0,12.2,,,,,,,,,,,,
623,Jarred Vanderbilt,,,,,,,19.0,19.4,20.0,14.9,21.0,12.3,22.0,10.9,23.0,13.6,24.0,11.7,25.0,12.5
624,Jarrell Brantley,,,,,,,,,23.0,16.3,24.0,19.0,,,26.0,18.1,,,,
625,Jarrett Allen,,,,,19.0,16.3,20.0,15.9,21.0,14.9,22.0,16.6,23.0,18.1,24.0,16.4,25.0,19.4,26.0,15.9
626,Jarrett Culver,,,,,,,,,20.0,19.2,21.0,18.2,22.0,20.6,23.0,17.1,,,,
627,Jarrett Jack,32.0,21.7,33.0,9.2,34.0,16.7,,,,,,,,,,,,,,
628,Jarrod Uthoff,,,23.0,18.1,,,,,26.0,14.8,,,,,,,,,,
629,Jarron Cumberland,,,,,,,,,,,,,24.0,7.2,,,,,,
630,Jason Preston,,,,,,,,,,,,,,,23.0,18.3,24.0,12.4,,
631,Jason Smith,29.0,22.1,30.0,16.7,31.0,21.7,32.0,17.5,,,,,,,,,,,,
632,Jason Terry,38.0,15.0,39.0,9.8,40.0,10.1,,,,,,,,,,,,,,
633,Jason Thompson,29.0,13.9,,,,,,,,,,,,,,,,,,
634,Javin DeLaurier,,,,,,,,,,,,,23.0,0.0,,,,,,
635,Javon Freeman-Liberty,,,,,,,,,,,,,,,,,24.0,17.5,,
636,Javonte Green,,,,,,,,,26.0,15.3,27.0,12.6,28.0,11.5,29.0,13.6,30.0,16.7,31.0,11.8
637,Javonte Smart,,,,,,,,,,,,,22.0,15.9,,,24.0,0.0,,
638,Jawun Evans,,,,,21.0,17.7,22.0,13.2,,,,,,,,,,,,
639,Jaxson Hayes,,,,,,,,,19.0,15.0,20.0,16.2,21.0,16.4,22.0,15.7,23.0,12.5,24.0,12.4
640,Jay Huff,,,,,,,,,,,,,23.0,8.6,24.0,16.9,25.0,15.0,26.0,19.6
641,Jay Scrubb,,,,,,,,,,,20.0,23.8,21.0,20.8,22.0,15.6,,,,
642,Jaylen Adams,,,,,,,22.0,13.5,,,24.0,18.6,,,,,,,,
643,Jaylen Brown,,,20.0,18.1,21.0,21.4,22.0,22.1,23.0,24.7,24.0,29.7,25.0,30.5,26.0,31.4,27.0,28.9,28.0,28.9
644,Jaylen Clark,,,,,,,,,,,,,,,,,,,23.0,12.0
645,Jaylen Hoard,,,,,,,,,20.0,17.2,21.0,16.3,22.0,18.7,,,,,,
646,Jaylen Martin,,,,,,,,,,,,,,,,,,,21.0,15.9
647,Jaylen Morris,,,,,22.0,16.9,23.0,17.2,,,,,26.0,23.1,,,,,,
648,Jaylen Nowell,,,,,,,,,20.0,17.3,21.0,21.4,22.0,21.0,23.0,25.0,24.0,17.8,25.0,21.6
649,Jaylen Sims,,,,,,,,,,,,,,,,,,,26.0,16.2
650,Jaylen Wells,,,,,,,,,,,,,,,,,,,21.0,15.9
651,Jaylin Williams,,,,,,,,,,,,,,,20.0,13.5,21.0,13.5,22.0,14.6
652,Jaylon Tyson,,,,,,,,,,,,,,,,,,,22.0,17.4
653,Jaysean Paige,,,,,,,,,,,,,27.0,24.5,,,,,,
654,Jayson Tatum,,,,,19.0,19.4,20.0,22.1,21.0,28.6,22.0,30.8,23.0,32.1,24.0,32.7,25.0,30.2,26.0,31.2
655,Jazian Gortman,,,,,,,,,,,,,,,,,,,21.0,22.4
656,Jeenathan Williams,,,,,,,,,,,,,,,23.0,15.2,24.0,19.7,25.0,22.3
657,Jeff Ayres,28.0,13.4,,,,,,,,,,,,,,,,,,
658,Jeff Dowtin Jr.,,,,,,,,,,,,,24.0,12.8,25.0,10.9,26.0,13.0,27.0,18.6
659,Jeff Green,29.0,20.2,30.0,20.3,31.0,19.3,32.0,17.8,33.0,19.0,34.0,15.6,35.0,16.3,36.0,17.0,37.0,15.5,38.0,14.7
660,Jeff Teague,27.0,26.6,28.0,22.1,29.0,20.6,30.0,19.3,31.0,19.5,32.0,17.7,,,,,,,,
661,Jeff Withey,25.0,15.1,26.0,14.9,27.0,22.0,,,,,,,,,,,,,,
662,Jemerrio Jones,,,,,,,23.0,11.3,,,,,26.0,8.6,,,,,,
663,Jerami Grant,21.0,18.0,22.0,12.1,23.0,16.0,24.0,15.4,25.0,18.0,26.0,28.5,27.0,25.7,28.0,22.8,29.0,25.7,30.0,19.4
664,Jeremiah Martin,,,,,,,,,23.0,26.7,24.0,23.9,,,,,,,,
665,Jeremiah Robinson-Earl,,,,,,,,,,,,,21.0,15.4,22.0,14.6,23.0,15.4,24.0,14.4
666,Jeremy Evans,28.0,11.7,,,30.0,17.5,,,,,,,,,,,,,,
667,Jeremy Lamb,23.0,22.0,24.0,23.2,25.0,22.4,26.0,22.5,27.0,19.6,28.0,18.4,29.0,19.7,,,,,,
668,Jeremy Lin,27.0,22.2,28.0,26.6,29.0,31.3,30.0,21.8,,,,,,,,,,,,
669,Jeremy Pargo,,,,,,,,,33.0,25.7,,,,,,,,,,
670,Jeremy Sochan,,,,,,,,,,,,,,,19.0,19.8,20.0,18.8,21.0,19.0
671,Jerian Grant,23.0,19.0,24.0,16.0,25.0,17.4,26.0,13.4,27.0,17.2,,,,,,,,,,
672,Jericho Sims,,,,,,,,,,,,,23.0,6.9,24.0,7.4,25.0,6.0,26.0,7.6
673,Jermaine Samuels,,,,,,,,,,,,,,,,,25.0,10.5,,
674,Jerome Robinson,,,,,,,21.0,16.7,22.0,16.4,23.0,16.7,,,,,26.0,20.7,,
675,Jerryd Bayless,27.0,16.4,28.0,27.7,29.0,15.1,30.0,17.6,,,,,,,,,,,,
676,Jesse Edwards,,,,,,,,,,,,,,,,,,,24.0,0.0
677,Jett Howard,,,,,,,,,,,,,,,,,20.0,22.7,21.0,19.2
678,Jevon Carter,,,,,,,23.0,18.0,24.0,12.9,25.0,15.0,26.0,14.0,27.0,15.3,28.0,17.7,29.0,21.0
679,Jimmer Fredette,26.0,22.8,,,,,29.0,24.2,,,,,,,,,,,,
680,Jimmy Butler,26.0,24.4,27.0,26.5,28.0,24.9,29.0,22.3,30.0,25.1,31.0,26.6,32.0,26.5,33.0,25.6,34.0,24.0,35.0,20.8
681,Joakim Noah,30.0,14.2,31.0,12.6,32.0,17.2,33.0,20.0,34.0,14.7,,,,,,,,,,
682,Jock Landale,,,,,,,,,,,,,26.0,18.1,27.0,19.3,28.0,14.8,29.0,15.7
683,Jodie Meeks,28.0,23.1,29.0,19.4,30.0,19.0,31.0,17.1,,,,,,,,,,,,
684,Joe Chealey,,,,,,,23.0,16.2,24.0,13.2,,,,,,,,,,
685,Joe Harris,24.0,15.1,25.0,16.5,26.0,16.6,27.0,17.0,28.0,18.3,29.0,16.2,30.0,14.5,31.0,14.3,32.0,11.0,,
686,Joe Ingles,28.0,13.5,29.0,13.9,30.0,15.9,31.0,17.5,32.0,15.1,33.0,16.6,34.0,13.2,35.0,12.6,36.0,11.6,37.0,12.2
687,Joe Johnson,34.0,17.9,35.0,18.5,36.0,15.9,,,,,,,40.0,22.0,,,,,,
688,Joe Wieskamp,,,,,,,,,,,,,22.0,13.1,23.0,12.8,,,,
689,Joe Young,23.0,24.4,24.0,27.8,25.0,18.0,,,,,,,,,,,,,,
690,Joel Anthony,33.0,7.0,34.0,8.7,,,,,,,,,,,,,,,,
691,Joel Ayayi,,,,,,,,,,,,,21.0,13.3,,,,,,
692,Joel Bolomboy,,,23.0,18.2,24.0,12.6,,,,,,,,,,,,,,
693,Joel Embiid,,,22.0,36.0,23.0,33.4,24.0,33.3,25.0,32.9,26.0,35.3,27.0,37.2,28.0,37.0,29.0,39.6,30.0,34.2
694,Joffrey Lauvergne,24.0,19.5,25.0,18.5,26.0,20.4,,,,,,,,,,,,,,
695,John Butler,,,,,,,,,,,,,,,20.0,11.0,,,,
696,John Collins,,,,,20.0,17.9,21.0,23.7,22.0,22.7,23.0,22.2,24.0,20.5,25.0,17.1,26.0,20.4,27.0,24.2
697,John Henson,25.0,19.1,26.0,16.6,27.0,15.0,28.0,18.6,29.0,16.3,,,,,,,,,,
698,John Holland,,,,,29.0,18.5,30.0,0.0,,,,,,,,,,,,
699,John Jenkins,24.0,18.1,25.0,18.9,,,27.0,15.7,,,,,,,,,,,,
700,John Konchar,,,,,,,,,23.0,10.3,24.0,12.4,25.0,9.9,26.0,10.4,27.0,9.7,28.0,8.0
701,John Lucas III,,,34.0,16.1,,,,,,,,,,,,,,,,
702,John Wall,25.0,28.6,26.0,30.6,27.0,29.1,28.0,28.8,,,30.0,31.7,,,32.0,27.0,,,,
703,Johnathan Motley,,,,,22.0,24.9,23.0,28.8,24.0,23.5,,,,,,,,,,
704,Johnathan Williams,,,,,,,23.0,16.4,24.0,10.3,,,,,,,,,,
705,Johnny Davis,,,,,,,,,,,,,,,20.0,20.5,21.0,12.2,22.0,15.9
706,Johnny Furphy,,,,,,,,,,,,,,,,,,,20.0,13.0
707,Johnny Juzang,,,,,,,,,,,,,,,21.0,19.6,22.0,14.5,23.0,17.6
708,Johnny O'Bryant,22.0,13.5,23.0,21.1,24.0,22.5,,,,,,,,,,,,,,
709,Jon Leuer,26.0,19.8,27.0,17.3,28.0,16.2,29.0,16.1,,,,,,,,,,,,
710,Jon Teske,,,,,,,,,,,,,24.0,9.6,,,,,,
711,Jonah Bolden,,,,,,,23.0,13.8,24.0,13.4,,,,,,,,,,
712,Jonas Jerebko,28.0,13.5,29.0,11.4,30.0,15.6,31.0,15.2,,,,,,,,,,,,
713,Jonas Valančiūnas,23.0,20.9,24.0,19.5,25.0,22.7,26.0,28.5,27.0,21.5,28.0,22.4,29.0,23.8,30.0,23.4,31.0,20.8,32.0,22.8
714,Jonathan Gibson,,,29.0,26.3,30.0,29.0,,,,,,,,,,,,,,
715,Jonathan Isaac,,,,,20.0,15.0,21.0,16.3,22.0,18.3,,,,,25.0,21.1,26.0,16.7,27.0,16.2
716,Jonathan Kuminga,,,,,,,,,,,,,19.0,22.7,20.0,19.6,21.0,24.1,22.0,27.4
717,Jonathan Mogbo,,,,,,,,,,,,,,,,,,,23.0,15.0
718,Jonathon Simmons,26.0,18.9,27.0,18.0,28.0,22.0,29.0,18.7,,,,,,,,,,,,
719,Jontay Porter,,,,,,,,,,,21.0,18.9,,,,,24.0,15.8,,
720,Jordan Adams,21.0,30.5,,,,,,,,,,,,,,,,,,
721,Jordan Bell,,,,,23.0,13.9,24.0,13.7,25.0,16.4,26.0,13.6,27.0,0.0,,,,,,
722,Jordan Bone,,,,,,,,,22.0,18.1,23.0,12.6,,,,,,,,
723,Jordan Clarkson,23.0,22.8,24.0,23.3,25.0,26.5,26.0,27.6,27.0,26.3,28.0,29.7,29.0,26.8,30.0,27.8,31.0,26.1,32.0,27.8
724,Jordan Crawford,,,28.0,25.5,29.0,26.5,,,,,,,,,,,,,,
725,Jordan Farmar,29.0,18.9,30.0,19.4,,,,,,,,,,,,,,,,
726,Jordan Ford,,,,,,,,,,,,,,,,,25.0,17.3,,
727,Jordan Goodwin,,,,,,,,,,,,,23.0,22.2,24.0,17.3,25.0,19.0,26.0,14.1
728,Jordan Hall,,,,,,,,,,,,,,,21.0,19.4,,,,
729,Jordan Hamilton,25.0,20.7,,,,,,,,,,,,,,,,,,
730,Jordan Hawkins,,,,,,,,,,,,,,,,,21.0,19.9,22.0,21.0
731,Jordan Hill,28.0,20.3,29.0,16.8,,,,,,,,,,,,,,,,
732,Jordan Loyd,,,,,,,25.0,19.4,,,,,,,,,,,,
733,Jordan McLaughlin,,,,,,,,,23.0,15.8,24.0,13.7,25.0,11.8,26.0,11.7,27.0,12.1,28.0,13.3
734,Jordan McRae,24.0,23.9,25.0,20.8,,,27.0,20.4,28.0,24.4,,,,,,,,,,
735,Jordan Mickey,21.0,20.5,22.0,15.5,23.0,17.1,,,,,,,,,,,,,,
736,Jordan Miller,,,,,,,,,,,,,,,,,24.0,17.0,25.0,18.2
737,Jordan Nwora,,,,,,,,,,,22.0,26.0,23.0,19.4,24.0,19.4,25.0,22.4,,
738,Jordan Poole,,,,,,,,,20.0,21.1,21.0,25.0,22.0,26.0,23.0,29.2,24.0,26.4,25.0,29.0
739,Jordan Schakel,,,,,,,,,,,,,23.0,19.1,24.0,14.5,,,,
740,Jordan Sibert,,,,,,,26.0,10.2,,,,,,,,,,,,
741,Jordan Walsh,,,,,,,,,,,,,,,,,19.0,9.9,20.0,11.5
742,Jorge Gutiérrez,27.0,15.6,,,,,,,,,,,,,,,,,,
743,Jose Alvarado,,,,,,,,,,,,,23.0,18.4,24.0,19.8,25.0,17.3,26.0,19.8
744,Josh Christopher,,,,,,,,,,,,,20.0,21.1,21.0,21.9,,,23.0,25.5
745,Josh Giddey,,,,,,,,,,,,,19.0,22.2,20.0,24.6,21.0,23.1,22.0,21.7
746,Josh Gray,,,,,24.0,26.1,,,26.0,12.5,,,,,,,,,,
747,Josh Green,,,,,,,,,,,20.0,11.9,21.0,13.9,22.0,14.6,23.0,13.1,24.0,11.8
748,Josh Hall,,,,,,,,,,,20.0,18.1,,,,,,,,
749,Josh Hart,,,,,22.0,13.5,23.0,13.5,24.0,15.3,25.0,13.5,26.0,18.6,27.0,12.6,28.0,13.5,29.0,15.3
750,Josh Huestis,24.0,13.0,25.0,15.7,26.0,9.5,,,,,,,,,,,,,,
751,Josh Jackson,,,,,20.0,26.0,21.0,23.9,22.0,22.8,23.0,26.5,24.0,19.7,,,,,,
752,Josh Magette,,,,,28.0,11.8,,,30.0,23.7,,,,,,,,,,
753,Josh McRoberts,28.0,15.0,29.0,16.9,30.0,7.6,,,,,,,,,,,,,,
754,Josh Minott,,,,,,,,,,,,,,,20.0,18.9,21.0,21.4,22.0,17.2
755,Josh Okogie,,,,,,,20.0,15.4,21.0,15.1,22.0,12.1,23.0,12.1,24.0,17.7,25.0,13.0,26.0,19.5
756,Josh Reaves,,,,,,,,,22.0,15.1,,,,,,,,,,
757,Josh Richardson,22.0,13.8,23.0,16.8,24.0,18.2,25.0,20.9,26.0,20.6,27.0,18.4,28.0,17.6,29.0,18.4,30.0,16.5,31.0,14.1
758,Josh Smith,30.0,22.9,,,32.0,14.4,,,,,,,,,,,,,,
759,Joshua Primo,,,,,,,,,,,,,19.0,15.4,20.0,18.2,21.0,30.7,,
760,José Calderón,34.0,12.6,35.0,14.4,36.0,11.6,37.0,10.9,,,,,,,,,,,,
761,Jrue Holiday,25.0,28.9,26.0,23.5,27.0,23.1,28.0,25.4,29.0,24.5,30.0,22.2,31.0,23.5,32.0,25.0,33.0,16.3,34.0,15.8
762,Juan Toscano-Anderson,,,,,,,,,26.0,12.7,27.0,11.0,28.0,14.7,29.0,11.3,30.0,11.3,,
763,Juancho Hernangómez,,,21.0,14.6,22.0,14.0,23.0,12.2,24.0,15.7,25.0,17.2,26.0,13.4,27.0,9.4,,,,
764,Jules Bernard,,,,,,,,,,,,,,,,,24.0,21.5,,
765,Julian Champagnie,,,,,,,,,,,,,,,21.0,19.2,22.0,14.4,23.0,17.2
766,Julian Phillips,,,,,,,,,,,,,,,,,20.0,13.0,21.0,12.9
767,Julian Strawther,,,,,,,,,,,,,,,,,21.0,20.7,22.0,17.8
768,Julian Washburn,,,,,,,27.0,10.0,,,,,,,,,,,,
769,Julius Randle,21.0,21.2,22.0,21.4,23.0,25.3,24.0,27.8,25.0,27.6,26.0,29.3,27.0,28.7,28.0,29.5,29.0,29.9,30.0,25.0
770,Julyan Stone,,,,,29.0,5.2,,,,,,,,,,,,,,
771,Justin Anderson,22.0,15.8,23.0,20.9,24.0,19.3,25.0,17.2,26.0,17.1,,,28.0,15.1,,,,,,
772,Justin Champagnie,,,,,,,,,,,,,20.0,12.0,21.0,19.2,22.0,17.0,23.0,15.6
773,Justin Edwards,,,,,,,,,,,,,,,,,,,21.0,16.9
774,Justin Hamilton,,,26.0,16.2,,,,,,,,,,,,,,,,
775,Justin Harper,26.0,16.0,27.0,22.4,,,,,,,,,,,,,,,,
776,Justin Holiday,26.0,16.2,27.0,16.9,28.0,18.2,29.0,15.7,30.0,13.4,31.0,14.0,32.0,15.8,33.0,14.1,34.0,10.6,,
777,Justin Jackson,,,,,22.0,14.2,23.0,14.3,24.0,15.4,25.0,19.8,26.0,19.7,27.0,12.2,28.0,0.0,,
778,Justin James,,,,,,,,,23.0,18.9,24.0,19.7,,,,,,,,
779,Justin Minaya,,,,,,,,,,,,,,,23.0,13.4,24.0,9.7,25.0,11.1
780,Justin Patton,,,,,20.0,22.1,21.0,15.7,22.0,22.0,23.0,13.0,,,,,,,,
781,Justin Robinson,,,,,,,,,22.0,12.7,23.0,12.2,24.0,16.0,,,,,,
782,Justin Wright-Foreman,,,,,,,,,22.0,24.1,,,,,,,,,,
783,Justise Winslow,19.0,12.5,20.0,19.8,21.0,16.3,22.0,20.8,23.0,20.6,24.0,21.9,25.0,18.9,26.0,14.2,,,,
784,Jusuf Nurkić,21.0,27.2,22.0,23.9,23.0,26.4,24.0,24.7,25.0,24.0,26.0,22.3,27.0,23.6,28.0,22.1,29.0,19.1,30.0,20.6
785,Juwan Morgan,,,,,,,,,22.0,11.0,23.0,10.9,24.0,4.1,,,,,,
786,K.J. McDaniels,22.0,18.7,23.0,18.1,,,,,,,,,,,,,,,,
787,KJ Martin,,,,,,,,,,,20.0,15.6,21.0,16.3,22.0,16.4,23.0,13.4,24.0,11.5
788,KJ Simpson,,,,,,,,,,,,,,,,,,,22.0,19.1
789,KZ Okpala,,,,,,,,,20.0,11.7,21.0,11.9,22.0,14.4,23.0,8.4,,,,
790,Kadeem Allen,,,,,25.0,14.6,26.0,19.6,27.0,20.6,,,,,,,,,,
791,Kai Jones,,,,,,,,,,,,,21.0,15.9,22.0,12.4,,,24.0,13.0
792,Kaiser Gates,,,,,,,,,,,,,,,,,27.0,24.9,,
793,Kalin Lucas,,,,,,,29.0,13.5,,,,,,,,,,,,
794,Karim Mané,,,,,,,,,,,20.0,8.9,,,,,,,,
795,Karl-Anthony Towns,20.0,24.9,21.0,27.5,22.0,22.9,23.0,28.9,24.0,28.8,25.0,29.1,26.0,27.8,27.0,25.6,28.0,27.4,29.0,27.4
796,Karlo Matković,,,,,,,,,,,,,,,,,,,23.0,15.9
797,Kawhi Leonard,24.0,25.8,25.0,31.1,26.0,30.6,27.0,30.3,28.0,33.0,29.0,28.6,,,31.0,27.0,32.0,26.5,33.0,27.7
798,Kay Felder,,,21.0,24.2,22.0,28.4,,,,,,,,,,,,,,
799,Keaton Wallace,,,,,,,,,,,,,,,,,,,25.0,16.4
800,Keegan Murray,,,,,,,,,,,,,,,22.0,15.8,23.0,18.1,24.0,15.0
801,Keifer Sykes,,,,,,,,,,,,,28.0,17.4,,,,,,
802,Keion Brooks Jr.,,,,,,,,,,,,,,,,,,,24.0,17.1
803,Keita Bates-Diop,,,,,,,23.0,14.1,24.0,15.8,25.0,14.8,26.0,14.8,27.0,16.7,28.0,13.0,,
804,Keith Appling,23.0,19.5,,,,,,,,,,,,,,,,,,
805,Kel'el Ware,,,,,,,,,,,,,,,,,,,20.0,17.2
806,Kelan Martin,,,,,,,,,24.0,17.8,25.0,20.9,26.0,18.1,,,,,,
807,Keldon Johnson,,,,,,,,,20.0,17.4,21.0,19.2,22.0,21.3,23.0,27.9,24.0,21.9,25.0,21.6
808,Keljin Blevins,,,,,,,,,,,25.0,14.3,26.0,16.5,,,,,,
809,Kelly Olynyk,24.0,20.9,25.0,19.0,26.0,21.7,27.0,18.0,28.0,17.4,29.0,19.7,30.0,21.5,31.0,17.8,32.0,17.5,33.0,18.5
810,Kelly Oubre Jr.,20.0,17.4,21.0,14.6,22.0,19.4,23.0,23.2,24.0,22.4,25.0,22.1,26.0,23.0,27.0,26.5,28.0,22.4,29.0,18.9
811,Kemba Walker,25.0,26.5,26.0,29.2,27.0,27.4,28.0,31.5,29.0,27.2,30.0,26.1,31.0,20.8,32.0,22.1,,,,
812,Kendall Brown,,,,,,,,,,,,,,,19.0,10.4,20.0,13.7,,
813,Kendall Marshall,24.0,18.3,,,,,,,,,,,,,,,,,,
814,Kendrick Nunn,,,,,,,,,24.0,24.1,25.0,20.9,,,27.0,23.7,,,,
815,Kendrick Perkins,31.0,10.4,,,33.0,11.4,,,,,,,,,,,,,,
816,Kennedy Chandler,,,,,,,,,,,,,,,20.0,15.8,,,,
817,Kenneth Faried,26.0,21.0,27.0,18.3,28.0,18.3,29.0,20.3,,,,,,,,,,,,
818,Kenneth Lofton Jr.,,,,,,,,,,,,,,,20.0,27.6,21.0,22.1,,
819,Kenrich Williams,,,,,,,24.0,12.3,25.0,8.9,26.0,15.3,27.0,15.6,28.0,13.7,29.0,13.4,30.0,15.4
820,Kent Bazemore,26.0,20.0,27.0,20.5,28.0,22.5,29.0,22.0,30.0,17.5,31.0,16.3,32.0,13.2,,,,,,
821,Kentavious Caldwell-Pope,22.0,18.2,23.0,19.2,24.0,16.9,25.0,18.1,26.0,14.7,27.0,14.2,28.0,19.0,29.0,14.1,30.0,12.9,31.0,12.4
822,Keon Ellis,,,,,,,,,,,,,,,23.0,12.1,24.0,12.4,25.0,12.7
823,Keon Johnson,,,,,,,,,,,,,19.0,21.2,20.0,25.0,21.0,22.2,22.0,21.7
824,Keshad Johnson,,,,,,,,,,,,,,,,,,,23.0,15.4
825,Kessler Edwards,,,,,,,,,,,,,21.0,13.8,22.0,12.7,23.0,14.0,24.0,11.1
826,Kevin Durant,27.0,30.6,28.0,27.8,29.0,30.4,30.0,29.0,,,32.0,31.2,33.0,31.2,34.0,30.7,35.0,29.0,36.0,28.7
827,Kevin Garnett,39.0,11.3,,,,,,,,,,,,,,,,,,
828,Kevin Hervey,,,,,,,,,23.0,22.8,,,,,,,,,,
829,Kevin Huerter,,,,,,,20.0,15.7,21.0,17.1,22.0,17.2,23.0,17.5,24.0,19.9,25.0,17.3,26.0,17.5
830,Kevin Knox,,,,,,,19.0,22.3,20.0,17.8,21.0,16.2,22.0,20.0,23.0,18.4,24.0,16.6,25.0,21.8
831,Kevin Love,27.0,23.4,28.0,26.4,29.0,25.1,30.0,27.4,31.0,23.1,32.0,21.9,33.0,25.1,34.0,19.2,35.0,21.9,36.0,24.6
832,Kevin Martin,32.0,22.6,,,,,,,,,,,,,,,,,,
833,Kevin McCullar Jr.,,,,,,,,,,,,,,,,,,,23.0,11.8
834,Kevin Pangos,,,,,,,,,,,,,29.0,14.6,,,,,,
835,Kevin Porter Jr.,,,,,,,,,19.0,20.5,20.0,25.4,21.0,24.1,22.0,24.3,,,24.0,25.4
836,Kevin Séraphin,26.0,22.2,27.0,19.0,,,,,,,,,,,,,,,,
837,Kevon Harris,,,,,,,,,,,,,,,25.0,13.7,26.0,29.1,,
838,Kevon Looney,19.0,16.5,20.0,13.4,21.0,12.5,22.0,12.8,23.0,15.7,24.0,9.4,25.0,12.2,26.0,10.6,27.0,11.3,28.0,13.3
839,Keyontae Johnson,,,,,,,,,,,,,,,,,23.0,13.1,,
840,Keyonte George,,,,,,,,,,,,,,,,,20.0,22.8,21.0,24.3
841,Khem Birch,,,,,25.0,13.2,26.0,14.1,27.0,10.2,28.0,13.6,29.0,11.2,30.0,11.1,,,,
842,Khris Middleton,24.0,23.0,25.0,22.5,26.0,24.6,27.0,25.1,28.0,26.4,29.0,25.0,30.0,26.7,31.0,27.4,32.0,23.9,33.0,22.0
843,Khyri Thomas,,,,,,,22.0,17.2,23.0,15.6,24.0,21.1,,,,,,,,
844,Killian Hayes,,,,,,,,,,,19.0,19.0,20.0,15.7,21.0,20.5,22.0,15.1,23.0,15.5
845,Killian Tillie,,,,,,,,,,,22.0,14.8,23.0,12.8,,,,,,
846,Kira Lewis Jr.,,,,,,,,,,,19.0,18.3,20.0,22.3,21.0,19.7,22.0,18.5,,
847,Kirk Hinrich,35.0,11.6,,,,,,,,,,,,,,,,,,
848,Klay Thompson,25.0,26.3,26.0,26.1,27.0,23.7,28.0,25.6,,,,,31.0,29.6,32.0,26.4,33.0,24.2,34.0,21.8
849,Kobe Brown,,,,,,,,,,,,,,,,,24.0,11.1,25.0,14.0
850,Kobe Bryant,37.0,32.2,,,,,,,,,,,,,,,,,,
851,Kobe Bufkin,,,,,,,,,,,,,,,,,20.0,22.4,21.0,20.8
852,Kobi Simmons,,,,,20.0,17.0,21.0,0.0,,,,,,,25.0,11.8,26.0,14.0,,
853,Kosta Koufos,26.0,15.4,27.0,15.3,28.0,15.2,29.0,15.7,,,,,,,,,,,,
854,Kostas Antetokounmpo,,,,,,,21.0,22.5,22.0,10.3,23.0,20.7,,,,,,,,
855,Kostas Papanikolaou,25.0,13.9,,,,,,,,,,,,,,,,,,
856,Kris Dunn,,,22.0,14.2,23.0,24.7,24.0,20.1,25.0,14.6,26.0,16.2,27.0,18.3,28.0,20.2,29.0,13.6,30.0,12.7
857,Kris Humphries,30.0,19.5,31.0,17.6,,,,,,,,,,,,,,,,
858,Kris Murray,,,,,,,,,,,,,,,,,23.0,14.1,24.0,13.9
859,Kristaps Porziņģis,20.0,24.6,21.0,24.3,22.0,31.0,,,24.0,27.0,25.0,26.5,26.0,29.5,27.0,27.4,28.0,25.1,29.0,25.9
860,Ky Bowman,,,,,,,,,22.0,17.2,,,,,,,,,,
861,Kyle Alexander,,,,,,,,,23.0,10.2,,,,,,,,,,
862,Kyle Anderson,22.0,14.4,23.0,12.1,24.0,13.5,25.0,12.6,26.0,13.5,27.0,18.5,28.0,16.2,29.0,14.4,30.0,14.5,31.0,15.9
863,Kyle Collinsworth,,,,,26.0,13.3,,,,,,,,,,,,,,
864,Kyle Filipowski,,,,,,,,,,,,,,,,,,,21.0,18.7
865,Kyle Guy,,,,,,,,,22.0,21.7,23.0,19.7,24.0,19.9,,,,,,
866,Kyle Korver,34.0,13.7,35.0,15.2,36.0,16.0,37.0,18.5,38.0,15.4,,,,,,,,,,
867,Kyle Kuzma,,,,,22.0,22.5,23.0,23.8,24.0,22.9,25.0,20.3,26.0,24.2,27.0,27.9,28.0,29.7,29.0,24.0
868,Kyle Lowry,29.0,26.1,30.0,24.9,31.0,21.7,32.0,19.6,33.0,23.1,34.0,21.4,35.0,18.2,36.0,16.7,37.0,12.9,38.0,10.1
869,Kyle O'Quinn,25.0,21.2,26.0,18.5,27.0,17.0,28.0,20.8,29.0,15.7,,,,,,,,,,
870,Kyle Singler,27.0,11.9,28.0,11.2,29.0,21.6,,,,,,,,,,,,,,
871,Kyle Wiltjer,,,24.0,19.1,,,,,,,,,,,,,,,,
872,Kylor Kelley,,,,,,,,,,,,,,,,,,,27.0,10.3
873,Kyrie Irving,23.0,29.5,24.0,30.8,25.0,31.0,26.0,29.6,27.0,32.6,28.0,30.4,29.0,29.4,30.0,28.9,31.0,28.1,32.0,27.4
874,Kyshawn George,,,,,,,,,,,,,,,,,,,21.0,15.9
875,LaMarcus Aldridge,30.0,25.9,31.0,24.5,32.0,29.1,33.0,26.9,34.0,23.4,35.0,22.2,36.0,22.4,,,,,,
876,LaMelo Ball,,,,,,,,,,,19.0,26.1,20.0,28.2,21.0,30.0,22.0,34.3,23.0,35.9
877,Lamar Patterson,24.0,12.8,25.0,22.2,,,,,,,,,,,,,,,,
878,Lamar Stevens,,,,,,,,,,,23.0,15.8,24.0,17.1,25.0,13.6,26.0,22.2,27.0,20.2
879,Lance Stephenson,25.0,20.2,26.0,18.7,27.0,21.6,28.0,20.3,,,,,31.0,22.6,,,,,,
880,Lance Thomas,27.0,16.9,28.0,13.1,29.0,10.7,30.0,12.9,31.0,13.1,,,,,,,,,,
881,Landry Shamet,,,,,,,21.0,15.0,22.0,13.4,23.0,16.7,24.0,16.8,25.0,18.9,26.0,18.8,27.0,14.8
882,Langston Galloway,24.0,15.6,25.0,18.4,26.0,19.3,27.0,16.1,28.0,15.9,29.0,17.3,30.0,12.8,,,,,,
883,Larry Drew II,,,,,27.0,16.6,,,,,,,,,,,,,,
884,Larry Nance Jr.,23.0,12.6,24.0,13.4,25.0,15.9,26.0,15.5,27.0,15.2,28.0,13.9,29.0,12.8,30.0,11.9,31.0,11.3,32.0,15.7
885,Larry Sanders,,,28.0,23.6,,,,,,,,,,,,,,,,
886,Lauri Markkanen,,,,,20.0,21.9,21.0,25.1,22.0,21.1,23.0,20.2,24.0,19.5,25.0,26.6,26.0,25.0,27.0,24.0
887,Lavoy Allen,26.0,13.0,27.0,10.9,,,,,,,,,,,,,,,,
888,LeBron James,31.0,31.4,32.0,30.0,33.0,31.6,34.0,31.6,35.0,31.5,36.0,31.9,37.0,32.3,38.0,33.3,39.0,29.2,40.0,30.1
889,League Average,,,,,,,,,,,,,,,,,,19.9,,
890,Leaky Black,,,,,,,,,,,,,,,,,24.0,10.1,,
891,Leandro Barbosa,33.0,18.1,34.0,20.0,,,,,,,,,,,,,,,,
892,Leandro Bolmaro,,,,,,,,,,,,,21.0,12.6,22.0,16.6,,,,
893,Leonard Miller,,,,,,,,,,,,,,,,,20.0,18.6,21.0,27.8
894,Lester Quiñones,,,,,,,,,,,,,,,22.0,29.4,23.0,18.3,24.0,22.6
895,Liam Robbins,,,,,,,,,,,,,,,,,,,25.0,14.2
896,Lindell Wigginton,,,,,,,,,,,,,23.0,19.0,24.0,25.6,25.0,37.1,,
897,Lindy Waters III,,,,,,,,,,,,,24.0,17.5,25.0,15.5,26.0,17.3,27.0,14.8
898,London Perrantes,,,,,23.0,10.9,,,,,,,,,,,,,,
899,Lonnie Walker IV,,,,,,,20.0,20.3,21.0,18.7,22.0,20.1,23.0,23.6,24.0,20.2,25.0,24.4,26.0,22.8
900,Lonzo Ball,,,,,20.0,17.4,21.0,16.9,22.0,18.5,23.0,20.5,24.0,17.4,,,,,27.0,15.9
901,Lorenzo Brown,25.0,24.9,,,27.0,11.9,28.0,17.9,,,,,,,,,,,,
902,Lou Amundson,33.0,17.7,,,,,,,,,,,,,,,,,,
903,Lou Williams,29.0,22.8,30.0,29.1,31.0,29.8,32.0,32.4,33.0,28.4,34.0,25.7,35.0,21.7,,,,,,
904,Louis King,,,,,,,,,20.0,17.1,21.0,20.6,22.0,21.2,23.0,23.8,,,,
905,Luc Mbah a Moute,29.0,9.4,30.0,11.6,31.0,12.8,32.0,15.4,33.0,11.4,,,,,,,,,,
906,Lucas Nogueira,23.0,12.4,24.0,9.5,25.0,11.4,,,,,,,,,,,,,,
907,Luguentz Dort,,,,,,,,,20.0,14.1,21.0,21.7,22.0,23.3,23.0,19.8,24.0,15.4,25.0,13.6
908,Luis Montero,22.0,25.7,,,24.0,16.6,,,,,,,,,,,,,,
909,Luis Scola,35.0,19.5,36.0,18.7,,,,,,,,,,,,,,,,
910,Luka Dončić,,,,,,,19.0,30.5,20.0,36.8,21.0,36.0,22.0,37.4,23.0,37.6,24.0,36.0,25.0,33.9
911,Luka Garza,,,,,,,,,,,,,23.0,21.1,24.0,26.9,25.0,33.3,26.0,26.2
912,Luka Šamanić,,,,,,,,,20.0,17.8,21.0,19.5,,,23.0,18.9,24.0,21.8,,
913,Luke Babbitt,26.0,17.5,27.0,13.0,28.0,15.0,,,,,,,,,,,,,,
914,Luke Kennard,,,,,21.0,17.2,22.0,18.1,23.0,19.8,24.0,17.1,25.0,16.8,26.0,14.5,27.0,16.7,28.0,14.5
915,Luke Kornet,,,,,22.0,19.0,23.0,17.9,24.0,16.3,25.0,13.7,26.0,12.7,27.0,11.5,28.0,11.0,29.0,11.4
916,Luke Travers,,,,,,,,,,,,,,,,,,,23.0,13.9
917,Luol Deng,30.0,17.4,31.0,14.2,32.0,9.8,33.0,15.8,,,,,,,,,,,,
918,M.J. Walker,,,,,,,,,,,,,23.0,21.5,,,,,,
919,Mac McClung,,,,,,,,,,,,,23.0,16.3,24.0,27.5,,,26.0,8.7
920,Malachi Flynn,,,,,,,,,,,22.0,19.0,23.0,16.5,24.0,17.4,25.0,20.4,26.0,19.0
921,Malachi Richardson,,,21.0,19.3,22.0,15.2,23.0,16.4,,,,,,,,,,,,
922,Malaki Branham,,,,,,,,,,,,,,,19.0,19.1,20.0,19.8,21.0,23.8
923,Malcolm Brogdon,,,24.0,18.5,25.0,19.1,26.0,20.7,27.0,25.2,28.0,25.9,29.0,24.6,30.0,22.8,31.0,23.0,32.0,23.7
924,Malcolm Cazalon,,,,,,,,,,,,,,,,,22.0,0.0,,
925,Malcolm Delaney,,,27.0,18.3,28.0,16.9,,,,,,,,,,,,,,
926,Malcolm Hill,,,,,,,,,,,,,26.0,12.7,27.0,19.7,,,,
927,Malcolm Miller,,,,,24.0,12.1,25.0,18.5,26.0,9.6,,,,,,,,,,
928,Malevy Leons,,,,,,,,,,,,,,,,,,,25.0,9.6
929,Malik Beasley,,,20.0,22.0,21.0,16.2,22.0,18.7,23.0,21.8,24.0,24.0,25.0,19.4,26.0,21.1,27.0,14.6,28.0,22.5
930,Malik Fitts,,,,,,,,,,,23.0,12.1,24.0,14.6,,,,,,
931,Malik Monk,,,,,19.0,24.9,20.0,24.6,21.0,22.9,22.0,23.8,23.0,20.1,24.0,25.8,25.0,25.9,26.0,24.6
932,Malik Newman,,,,,,,,,22.0,41.5,,,24.0,38.1,,,,,,
933,Malik Williams,,,,,,,,,,,,,,,,,25.0,15.1,,
934,Mamadi Diakite,,,,,,,,,,,24.0,14.6,25.0,13.5,26.0,16.0,27.0,17.0,,
935,Mangok Mathiang,,,,,25.0,16.1,,,,,,,,,,,,,,
936,Manny Harris,,,27.0,35.4,,,,,,,,,,,,,,,,
937,Manu Ginóbili,38.0,23.6,39.0,20.4,40.0,21.5,,,,,,,,,,,,,,
938,MarJon Beauchamp,,,,,,,,,,,,,,,22.0,18.3,23.0,14.6,24.0,24.9
939,MarShon Brooks,,,,,29.0,29.8,30.0,23.6,,,,,,,,,,,,
940,Marc Gasol,31.0,23.4,32.0,26.4,33.0,25.6,34.0,20.7,35.0,13.2,36.0,11.8,,,,,,,,
941,Marcelo Huertas,32.0,16.3,33.0,17.0,,,,,,,,,,,,,,,,
942,Marcin Gortat,31.0,18.9,32.0,14.7,33.0,15.5,34.0,14.4,,,,,,,,,,,,
943,Marco Belinelli,29.0,19.7,30.0,19.2,31.0,20.7,32.0,19.8,33.0,17.5,,,,,,,,,,
944,Marcus Bagley,,,,,,,,,,,,,,,,,,,23.0,13.8
945,Marcus Derrickson,,,,,,,22.0,24.4,,,,,,,,,,,,
946,Marcus Garrett,,,,,,,,,,,,,23.0,8.8,,,,,26.0,18.7
947,Marcus Georges-Hunt,,,22.0,12.3,23.0,11.9,,,,,,,,,,,,,,
948,Marcus Morris,26.0,18.4,27.0,20.3,28.0,23.0,29.0,20.9,30.0,21.9,31.0,20.1,32.0,23.2,33.0,17.6,34.0,16.6,,
949,Marcus Paige,,,,,24.0,23.0,,,,,,,,,,,,,,
950,Marcus Sasser,,,,,,,,,,,,,,,,,23.0,19.9,24.0,19.4
951,Marcus Smart,21.0,17.4,22.0,18.8,23.0,19.4,24.0,14.6,25.0,18.9,26.0,18.4,27.0,18.3,28.0,17.8,29.0,22.9,30.0,20.6
952,Marcus Thornton,28.0,24.4,29.0,18.7,,,,,,,,,,,,,,,,
953,Marial Shayok,,,,,,,,,24.0,25.8,,,,,,,,,,
954,Mario Chalmers,29.0,21.9,,,31.0,19.6,,,,,,,,,,,,,,
955,Mario Hezonja,20.0,16.9,21.0,18.8,22.0,19.9,23.0,21.3,24.0,13.9,,,,,,,,,,
956,Mark Williams,,,,,,,,,,,,,,,21.0,17.0,22.0,17.1,23.0,21.4
957,Markel Brown,24.0,18.9,,,26.0,12.8,,,,,,,,,,,,,,
958,Markelle Fultz,,,,,19.0,23.1,20.0,19.3,21.0,21.4,22.0,26.2,23.0,27.5,24.0,21.3,25.0,18.8,26.0,19.3
959,Markieff Morris,26.0,24.2,27.0,20.5,28.0,19.5,29.0,19.1,30.0,20.9,31.0,16.4,32.0,20.6,33.0,17.2,34.0,16.4,35.0,20.5
960,Marko Gudurić,,,,,,,,,24.0,17.6,,,,,,,,,,
961,Marko Simonovic,,,,,,,,,,,,,22.0,27.5,23.0,17.4,,,,
962,Markquis Nowell,,,,,,,,,,,,,,,,,24.0,20.1,,
963,Markus Howard,,,,,,,,,,,21.0,27.2,22.0,29.4,,,,,,
964,Marques Bolden,,,,,,,,,21.0,0.0,22.0,12.8,,,,,25.0,10.9,,
965,Marquese Chriss,,,19.0,19.7,20.0,18.1,21.0,20.6,22.0,19.0,23.0,28.1,24.0,21.5,,,,,,
966,Marquis Teague,,,,,24.0,12.9,,,,,,,,,,,,,,
967,Marreese Speights,28.0,29.7,29.0,23.6,30.0,26.9,,,,,,,,,,,,,,
968,Marshall Plumlee,,,24.0,12.8,25.0,11.3,,,,,,,,,,,,,,
969,Marvin Bagley III,,,,,,,19.0,24.2,20.0,25.8,21.0,23.5,22.0,19.8,23.0,20.4,24.0,21.0,25.0,20.9
970,Marvin Williams,29.0,16.8,30.0,16.3,31.0,14.8,32.0,14.9,33.0,12.5,,,,,,,,,,
971,Mason Jones,,,,,,,,,,,22.0,23.0,23.0,19.0,,,25.0,16.6,26.0,20.3
972,Mason Plumlee,25.0,17.1,26.0,18.1,27.0,16.6,28.0,16.2,29.0,18.0,30.0,16.3,31.0,11.7,32.0,15.2,33.0,15.1,34.0,10.8
973,Matas Buzelis,,,,,,,,,,,,,,,,,,,20.0,18.7
974,Matisse Thybulle,,,,,,,,,22.0,11.2,23.0,9.4,24.0,9.5,25.0,10.6,26.0,10.6,27.0,14.4
975,Matt Barnes,35.0,17.9,36.0,15.6,,,,,,,,,,,,,,,,
976,Matt Bonner,35.0,13.7,,,,,,,,,,,,,,,,,,
977,Matt Costello,,,,,24.0,7.0,,,,,,,,,,,,,,
978,Matt Mooney,,,,,,,,,23.0,9.0,,,25.0,43.8,,,,,,
979,Matt Ryan,,,,,,,,,,,,,24.0,44.0,25.0,16.5,26.0,15.4,27.0,22.3
980,Matt Thomas,,,,,,,,,25.0,16.6,26.0,19.5,27.0,14.5,,,,,,
981,Matt Williams,,,,,24.0,28.6,,,,,,,,,,,,,,
982,Matthew Dellavedova,25.0,15.9,26.0,16.3,27.0,13.5,28.0,17.9,29.0,13.0,30.0,12.4,,,32.0,12.7,,,,
983,Matthew Hurt,,,,,,,,,,,,,,,,,23.0,14.2,,
984,Maurice Harkless,22.0,15.6,23.0,15.2,24.0,12.6,25.0,13.9,26.0,10.7,27.0,11.5,28.0,11.2,,,,,,
985,Maurice Ndour,,,24.0,14.3,,,,,,,,,,,,,,,,
986,Max Christie,,,,,,,,,,,,,,,19.0,10.4,20.0,13.6,21.0,15.2
987,Max Strus,,,,,,,,,23.0,24.4,24.0,18.3,25.0,18.1,26.0,17.6,27.0,17.4,28.0,14.7
988,Maxi Kleber,,,,,26.0,13.7,27.0,13.5,28.0,13.9,29.0,10.6,30.0,13.3,31.0,10.3,32.0,9.6,33.0,8.7
989,Maxwell Lewis,,,,,,,,,,,,,,,,,21.0,13.6,22.0,16.9
990,McKinley Wright IV,,,,,,,,,,,,,23.0,8.8,24.0,16.9,,,,
991,Melvin Frazier,,,,,,,22.0,23.5,23.0,14.0,,,25.0,19.5,,,,,,
992,Metta World Peace,36.0,16.2,37.0,21.9,,,,,,,,,,,,,,,,
993,Meyers Leonard,23.0,17.4,24.0,15.5,25.0,16.1,26.0,14.8,27.0,12.2,28.0,15.4,,,30.0,14.4,,,,
994,Mfiondu Kabengele,,,,,,,,,22.0,23.7,23.0,17.7,,,25.0,10.8,,,,
995,Micah Potter,,,,,,,,,,,,,23.0,17.8,24.0,13.7,25.0,10.9,26.0,10.3
996,Michael Beasley,27.0,29.7,28.0,25.3,29.0,26.9,30.0,29.5,,,,,,,,,,,,
997,Michael Carter-Williams,24.0,21.3,25.0,20.9,26.0,16.6,27.0,19.4,28.0,18.3,29.0,20.2,,,31.0,20.6,,,,
998,Michael Foster Jr.,,,,,,,,,,,,,,,20.0,0.0,,,,
999,Michael Frazier,,,,,,,,,25.0,11.5,,,,,,,,,,
1000,Michael Gbinije,,,24.0,15.0,,,,,,,,,,,,,,,,
1001,Michael Kidd-Gilchrist,22.0,18.0,23.0,14.6,24.0,16.1,25.0,15.7,26.0,13.7,,,,,,,,,,
1002,Michael Porter Jr.,,,,,,,,,21.0,22.3,22.0,21.7,23.0,19.7,24.0,22.7,25.0,20.7,26.0,20.2
1003,Mikal Bridges,,,,,,,22.0,12.2,23.0,12.7,24.0,14.9,25.0,15.0,26.0,22.6,27.0,24.3,28.0,19.6
1004,Mike Conley,28.0,22.4,29.0,26.3,30.0,25.9,31.0,27.3,32.0,23.1,33.0,23.1,34.0,20.9,35.0,16.3,36.0,16.0,37.0,14.4
1005,Mike Dunleavy,35.0,14.4,36.0,14.0,,,,,,,,,,,,,,,,
1006,Mike James,,,,,27.0,25.1,,,,,30.0,22.9,,,,,,,,
1007,Mike Miller,35.0,9.3,36.0,10.4,,,,,,,,,,,,,,,,
1008,Mike Muscala,24.0,15.5,25.0,14.8,26.0,15.7,27.0,14.3,28.0,16.6,29.0,20.0,30.0,20.9,31.0,15.1,32.0,13.4,,
1009,Mike Scott,27.0,17.4,28.0,15.8,29.0,20.0,30.0,14.4,31.0,14.0,32.0,11.9,,,,,,,,
1010,Mike Tobey,,,22.0,9.0,,,,,,,,,,,,,,,,
1011,Miles Bridges,,,,,,,20.0,15.1,21.0,20.0,22.0,17.3,23.0,22.6,,,25.0,24.7,26.0,28.0
1012,Miles McBride,,,,,,,,,,,,,21.0,13.9,22.0,14.6,23.0,16.4,24.0,16.8
1013,Miles Norris,,,,,,,,,,,,,,,,,,,24.0,12.4
1014,Miles Plumlee,27.0,15.5,28.0,13.1,29.0,12.8,30.0,16.7,,,,,,,,,,,,
1015,Miloš Teodosić,,,,,30.0,18.2,31.0,18.0,,,,,,,,,,,,
1016,Milton Doyle,,,,,24.0,18.2,,,,,,,,,,,,,,
1017,Mindaugas Kuzminskas,,,27.0,19.2,28.0,43.6,,,,,,,,,,,,,,
1018,Mirza Teletović,30.0,23.4,31.0,19.1,32.0,18.2,,,,,,,,,,,,,,
1019,Mitch Creek,,,,,,,26.0,17.6,,,,,,,,,,,,
1020,Mitch McGary,23.0,20.4,,,,,,,,,,,,,,,,,,
1021,Mitchell Robinson,,,,,,,20.0,12.1,21.0,13.3,22.0,11.8,23.0,11.4,24.0,10.1,25.0,10.2,26.0,11.1
1022,Miye Oni,,,,,,,,,22.0,15.3,23.0,9.8,24.0,10.3,,,,,,
1023,Mo Bamba,,,,,,,20.0,17.8,21.0,17.1,22.0,21.8,23.0,17.2,24.0,16.6,25.0,15.1,26.0,15.2
1024,Mo Williams,33.0,22.8,,,,,,,,,,,,,,,,,,
1025,Monta Ellis,30.0,21.2,31.0,16.8,,,,,,,,,,,,,,,,
1026,Monte Morris,,,,,22.0,13.7,23.0,17.1,24.0,17.5,25.0,16.5,26.0,17.4,27.0,15.6,28.0,15.5,29.0,18.1
1027,Montrezl Harrell,22.0,14.5,23.0,17.6,24.0,23.8,25.0,23.5,26.0,25.7,27.0,21.7,28.0,20.2,29.0,18.9,,,,
1028,Moritz Wagner,,,,,,,21.0,21.7,22.0,18.6,23.0,18.1,24.0,22.9,25.0,21.1,26.0,22.8,27.0,26.8
1029,Moses Brown,,,,,,,,,20.0,21.2,21.0,16.9,22.0,20.7,23.0,21.2,24.0,19.1,25.0,23.5
1030,Moses Moody,,,,,,,,,,,,,19.0,15.2,20.0,14.6,21.0,18.4,22.0,17.4
1031,Moses Wright,,,,,,,,,,,,,23.0,17.1,,,,,,
1032,Mouhamadou Gueye,,,,,,,,,,,,,,,,,25.0,19.2,,
1033,Mouhamed Gueye,,,,,,,,,,,,,,,,,21.0,15.2,22.0,15.7
1034,Moussa Diabaté,,,,,,,,,,,,,,,21.0,14.1,22.0,18.6,23.0,13.4
1035,Mychal Mulder,,,,,,,,,25.0,16.2,26.0,16.2,27.0,15.8,,,,,,
1036,Myke Henry,,,,,25.0,15.7,,,,,,,,,,,,,,
1037,Myles Powell,,,,,,,,,,,,,24.0,18.0,,,,,,
1038,Myles Turner,19.0,20.9,20.0,19.5,21.0,20.0,22.0,20.0,23.0,17.9,24.0,16.4,25.0,17.1,26.0,22.0,27.0,23.4,28.0,20.7
1039,Mãozinha Pereira,,,,,,,,,,,,,,,,,23.0,15.6,,
1040,N'Faly Dante,,,,,,,,,,,,,,,,,,,23.0,13.9
1041,Nae'Qwan Tomlin,,,,,,,,,,,,,,,,,,,24.0,26.1
1042,Naji Marshall,,,,,,,,,,,23.0,16.8,24.0,20.8,25.0,17.8,26.0,16.3,27.0,20.0
1043,Nassir Little,,,,,,,,,19.0,13.7,20.0,13.8,21.0,15.8,22.0,16.0,23.0,13.9,,
1044,Nate Darling,,,,,,,,,,,22.0,15.4,,,,,,,,
1045,Nate Hinton,,,,,,,,,,,21.0,24.4,22.0,42.8,,,24.0,17.7,,
1046,Nate Robinson,31.0,1.9,,,,,,,,,,,,,,,,,,
1047,Nate Wolters,,,,,26.0,14.2,,,,,,,,,,,,,,
1048,Nathan Knight,,,,,,,,,,,23.0,21.7,24.0,20.7,25.0,18.7,,,,
1049,Nathan Mensah,,,,,,,,,,,,,,,,,25.0,6.8,,
1050,Naz Mitrou-Long,,,,,24.0,45.0,25.0,14.7,26.0,18.7,,,,,,,,,,
1051,Naz Reid,,,,,,,,,20.0,24.0,21.0,22.5,22.0,21.4,23.0,24.8,24.0,23.1,25.0,21.5
1052,Nazr Mohammed,38.0,19.9,,,,,,,,,,,,,,,,,,
1053,Neemias Queta,,,,,,,,,,,,,22.0,18.4,23.0,16.1,24.0,16.9,25.0,13.7
1054,Nemanja Bjelica,27.0,12.8,28.0,16.4,29.0,14.3,30.0,16.5,31.0,17.0,32.0,18.4,33.0,17.8,,,,,,
1055,Nenê,33.0,21.6,34.0,19.7,35.0,18.9,36.0,11.7,,,,,,,,,,,,
1056,Nerlens Noel,21.0,18.8,22.0,17.6,23.0,13.8,24.0,13.8,25.0,14.9,26.0,9.2,27.0,7.3,28.0,12.0,,,,
1057,Nic Claxton,,,,,,,,,20.0,14.8,21.0,14.0,22.0,15.1,23.0,15.4,24.0,15.6,25.0,16.8
1058,Nick Collison,35.0,10.6,36.0,10.1,37.0,18.2,,,,,,,,,,,,,,
1059,Nick Richards,,,,,,,,,,,23.0,11.5,24.0,15.4,25.0,15.6,26.0,13.3,27.0,17.3
1060,Nick Smith Jr.,,,,,,,,,,,,,,,,,19.0,20.3,20.0,20.8
1061,Nick Young,30.0,18.5,31.0,19.5,32.0,17.5,33.0,12.7,,,,,,,,,,,,
1062,Nickeil Alexander-Walker,,,,,,,,,21.0,23.3,22.0,23.2,23.0,24.1,24.0,17.9,25.0,14.8,26.0,16.0
1063,Nico Mannion,,,,,,,,,,,19.0,18.5,,,,,,,,
1064,Nicolas Batum,27.0,21.4,28.0,22.3,29.0,18.3,30.0,13.2,31.0,9.4,32.0,11.8,33.0,13.3,34.0,11.5,35.0,8.6,36.0,9.0
1065,Nicolás Brussino,,,23.0,16.0,24.0,8.7,,,,,,,,,,,,,,
1066,Nicolás Laprovíttola,,,27.0,18.2,,,,,,,,,,,,,,,,
1067,Nicolò Melli,,,,,,,,,29.0,15.7,30.0,12.5,,,,,,,,
1068,Nigel Hayes-Davis,,,,,23.0,13.3,,,,,,,,,,,,,,
1069,Nigel Williams-Goss,,,,,,,,,25.0,17.4,,,,,,,,,,
1070,Nik Stauskas,22.0,16.7,23.0,16.4,24.0,15.9,25.0,17.6,,,,,28.0,20.0,,,,,,
1071,Nikola Jokić,20.0,19.9,21.0,23.5,22.0,24.2,23.0,27.4,24.0,26.6,25.0,29.6,26.0,31.9,27.0,27.2,28.0,29.3,29.0,29.5
1072,Nikola Jović,,,,,,,,,,,,,,,19.0,19.0,20.0,17.1,21.0,18.3
1073,Nikola Mirotić,24.0,21.1,25.0,19.8,26.0,23.4,27.0,21.4,,,,,,,,,,,,
1074,Nikola Peković,30.0,19.5,,,,,,,,,,,,,,,,,,
1075,Nikola Vučević,25.0,26.8,26.0,24.8,27.0,25.9,28.0,28.0,29.0,25.8,30.0,29.3,31.0,24.5,32.0,21.9,33.0,23.3,34.0,22.4
1076,Noah Clowney,,,,,,,,,,,,,,,,,19.0,14.2,20.0,19.0
1077,Noah Vonleh,20.0,13.0,21.0,13.1,22.0,14.5,23.0,14.8,24.0,13.9,25.0,19.8,,,27.0,9.2,,,,
1078,Norman Powell,22.0,17.8,23.0,21.1,24.0,18.9,25.0,19.0,26.0,21.5,27.0,22.6,28.0,23.1,29.0,26.0,30.0,20.0,31.0,26.1
1079,Norris Cole,27.0,21.7,28.0,21.5,,,,,,,,,,,,,,,,
1080,Norvel Pelle,,,,,,,,,26.0,13.4,27.0,10.8,28.0,16.0,,,,,,
1081,O.J. Mayo,28.0,17.0,,,,,,,,,,,,,,,,,,
1082,OG Anunoby,,,,,20.0,12.4,21.0,15.5,22.0,14.3,23.0,19.3,24.0,20.5,25.0,19.5,26.0,17.6,27.0,19.7
1083,Obi Toppin,,,,,,,,,,,22.0,15.9,23.0,20.8,24.0,19.5,25.0,16.8,26.0,20.1
1084,Ochai Agbaji,,,,,,,,,,,,,,,22.0,15.8,23.0,13.4,24.0,14.6
1085,Okaro White,,,24.0,10.8,25.0,10.3,26.0,14.1,,,,,,,,,,,,
1086,Olivier Sarr,,,,,,,,,,,,,22.0,13.9,23.0,13.6,24.0,12.7,,
1087,Olivier-Maxence Prosper,,,,,,,,,,,,,,,,,21.0,16.6,22.0,16.3
1088,Omari Johnson,,,,,28.0,14.4,,,,,,,,,,,,,,
1089,Omari Spellman,,,,,,,21.0,14.9,22.0,18.8,,,,,,,,,,
1090,Omer Yurtseven,,,,,,,,,,,,,23.0,19.9,24.0,18.0,25.0,17.9,,
1091,Omri Casspi,27.0,17.8,28.0,14.4,29.0,16.3,30.0,18.0,,,,,,,,,,,,
1092,Onuralp Bitim,,,,,,,,,,,,,,,,,24.0,15.8,,
1093,Onyeka Okongwu,,,,,,,,,,,20.0,14.7,21.0,14.0,22.0,15.1,23.0,13.7,24.0,17.3
1094,Orlando Johnson,26.0,17.8,,,,,,,,,,,,,,,,,,
1095,Orlando Robinson,,,,,,,,,,,,,,,22.0,12.4,23.0,14.8,24.0,18.5
1096,Oscar Tshiebwe,,,,,,,,,,,,,,,,,24.0,23.5,25.0,15.3
1097,Oshae Brissett,,,,,,,,,21.0,15.0,22.0,15.6,23.0,17.3,24.0,16.1,25.0,14.5,26.0,16.3
1098,Oso Ighodaro,,,,,,,,,,,,,,,,,,,22.0,10.5
1099,Otto Porter Jr.,22.0,16.2,23.0,15.1,24.0,18.4,25.0,19.1,26.0,21.0,27.0,19.3,28.0,15.0,29.0,11.0,30.0,8.9,,
1100,Ousmane Dieng,,,,,,,,,,,,,,,19.0,15.9,20.0,16.9,21.0,15.7
1101,P.J. Hairston,23.0,16.4,,,,,,,,,,,,,,,,,,
1102,P.J. Tucker,30.0,12.7,31.0,11.2,32.0,10.5,33.0,9.5,34.0,8.7,35.0,7.2,36.0,11.7,37.0,6.5,38.0,5.3,39.0,6.0
1103,P.J. Washington,,,,,,,,,21.0,18.6,22.0,19.4,23.0,15.6,24.0,20.6,25.0,19.1,26.0,20.4
1104,PJ Dozier,,,,,21.0,42.9,22.0,18.5,23.0,20.8,24.0,17.2,25.0,15.2,26.0,20.6,,,28.0,8.2
1105,PJ Hall,,,,,,,,,,,,,,,,,,,22.0,17.8
1106,Pablo Prigioni,38.0,11.0,,,,,,,,,,,,,,,,,,
1107,Pacome Dadiet,,,,,,,,,,,,,,,,,,,19.0,14.7
1108,Paolo Banchero,,,,,,,,,,,,,,,20.0,27.5,21.0,29.7,22.0,33.6
1109,Paris Bass,,,,,,,,,,,,,26.0,54.6,,,,,,
1110,Pascal Siakam,,,22.0,13.1,23.0,15.7,24.0,20.8,25.0,28.1,26.0,26.3,27.0,25.8,28.0,27.2,29.0,25.3,30.0,24.2
1111,Pat Connaughton,23.0,18.7,24.0,13.0,25.0,13.4,26.0,13.3,27.0,12.3,28.0,11.6,29.0,14.0,30.0,13.8,31.0,10.9,32.0,15.6
1112,Pat Spencer,,,,,,,,,,,,,,,,,27.0,8.1,28.0,21.2
1113,Patricio Garino,,,23.0,10.2,,,,,,,,,,,,,,,,
1114,Patrick Baldwin Jr.,,,,,,,,,,,,,,,20.0,22.8,21.0,15.9,22.0,16.4
1115,Patrick Beverley,27.0,15.3,28.0,14.1,29.0,19.6,30.0,12.2,31.0,13.3,32.0,14.6,33.0,16.1,34.0,10.6,35.0,14.3,,
1116,Patrick McCaw,,,21.0,11.9,22.0,12.8,23.0,9.4,24.0,9.4,25.0,3.0,,,,,,,,
1117,Patrick Patterson,26.0,12.9,27.0,12.5,28.0,10.8,29.0,12.0,30.0,14.7,31.0,14.0,,,,,,,,
1118,Patrick Williams,,,,,,,,,,,19.0,14.9,20.0,14.2,21.0,15.7,22.0,16.6,23.0,16.9
1119,Patty Mills,27.0,19.7,28.0,19.5,29.0,17.8,30.0,18.5,31.0,20.4,32.0,18.4,33.0,16.4,34.0,19.7,35.0,15.9,36.0,15.6
1120,Pau Gasol,35.0,24.6,36.0,21.3,37.0,20.4,38.0,15.6,,,,,,,,,,,,
1121,Paul George,25.0,30.4,26.0,28.9,27.0,25.7,28.0,29.5,29.0,29.6,30.0,30.0,31.0,33.7,32.0,29.5,33.0,26.6,34.0,23.5
1122,Paul Millsap,30.0,24.3,31.0,24.4,32.0,22.0,33.0,19.6,34.0,20.0,35.0,18.6,36.0,16.7,,,,,,
1123,Paul Pierce,38.0,17.8,39.0,14.8,,,,,,,,,,,,,,,,
1124,Paul Reed,,,,,,,,,,,21.0,22.7,22.0,16.7,23.0,16.4,24.0,15.9,25.0,18.0
1125,Paul Watson,,,,,,,,,25.0,16.1,26.0,13.7,27.0,11.0,,,,,,
1126,Paul Zipser,,,22.0,14.4,23.0,15.2,,,,,,,,,,,,,,
1127,Payton Pritchard,,,,,,,,,,,23.0,16.7,24.0,18.6,25.0,19.8,26.0,17.2,27.0,19.0
1128,Pelle Larsson,,,,,,,,,,,,,,,,,,,23.0,14.4
1129,Pete Nance,,,,,,,,,,,,,,,,,23.0,12.9,24.0,11.7
1130,Petr Cornelie,,,,,,,,,,,,,26.0,24.0,,,,,,
1131,Peyton Watson,,,,,,,,,,,,,,,20.0,17.7,21.0,16.2,22.0,13.9
1132,Phil Pressey,24.0,18.7,,,,,,,,,,,,,,,,,,
1133,Phillip Wheeler,,,,,,,,,,,,,,,,,,,22.0,22.6
1134,Pierre Jackson,,,25.0,25.3,,,,,,,,,,,,,,,,
1135,Precious Achiuwa,,,,,,,,,,,21.0,19.5,22.0,18.5,23.0,19.4,24.0,15.9,25.0,14.9
1136,Quentin Grimes,,,,,,,,,,,,,21.0,15.1,22.0,14.4,23.0,15.8,24.0,22.8
1137,Quenton Jackson,,,,,,,,,,,,,,,24.0,17.9,25.0,7.2,26.0,17.7
1138,Quincy Acy,25.0,13.1,26.0,16.8,27.0,14.4,28.0,9.2,,,,,,,,,,,,
1139,Quincy Olivari,,,,,,,,,,,,,,,,,,,23.0,26.3
1140,Quincy Pondexter,,,,,29.0,15.0,30.0,13.5,,,,,,,,,,,,
1141,Quinn Cook,,,23.0,19.6,24.0,17.5,25.0,20.2,26.0,21.0,27.0,21.8,,,,,,,,
1142,Quinndary Weatherspoon,,,,,,,,,23.0,12.7,24.0,18.7,25.0,15.7,,,,,,
1143,Quinten Post,,,,,,,,,,,,,,,,,,,24.0,19.6
1144,R.J. Hampton,,,,,,,,,,,19.0,19.6,20.0,18.4,21.0,17.8,22.0,10.5,,
1145,R.J. Hunter,22.0,15.1,23.0,4.8,24.0,22.5,25.0,23.0,,,,,,,,,,,,
1146,RJ Barrett,,,,,,,,,19.0,24.0,20.0,23.4,21.0,27.6,22.0,26.2,23.0,26.5,24.0,28.7
1147,RJ Nembhard Jr.,,,,,,,,,,,,,22.0,16.0,,,,,,
1148,RaiQuan Gray,,,,,,,,,,,,,,,23.0,21.4,24.0,19.5,,
1149,Rajon Rondo,29.0,18.8,30.0,17.8,31.0,16.9,32.0,17.4,33.0,18.7,34.0,17.2,35.0,16.0,,,,,,
1150,Rakeem Christmas,24.0,14.7,25.0,13.1,,,,,,,,,,,,,,,,
1151,Ramon Sessions,29.0,21.8,30.0,20.1,31.0,19.3,,,,,,,,,,,,,,
1152,Randy Foye,32.0,15.9,33.0,14.4,,,,,,,,,,,,,,,,
1153,Rashad Vaughn,19.0,13.5,20.0,17.2,21.0,13.7,,,,,,,,,,,,,,
1154,Rasual Butler,36.0,12.6,,,,,,,,,,,,,,,,,,
1155,Raul Neto,23.0,17.2,24.0,14.8,25.0,18.3,26.0,19.0,27.0,18.7,28.0,15.8,29.0,18.4,30.0,13.2,,,,
1156,Rawle Alkins,,,,,,,21.0,19.0,,,,,,,,,,,,
1157,Ray McCallum,24.0,16.8,,,,,,,,,,,,,,,,,,
1158,Ray Spalding,,,,,,,21.0,17.8,,,23.0,17.6,,,,,,,,
1159,RayJ Dennis,,,,,,,,,,,,,,,,,,,23.0,24.0
1160,Rayan Rupert,,,,,,,,,,,,,,,,,19.0,13.6,20.0,16.8
1161,Rayjon Tucker,,,,,,,,,22.0,16.6,23.0,19.2,24.0,7.9,,,,,,
1162,Raymond Felton,31.0,18.4,32.0,16.5,33.0,20.4,34.0,16.6,,,,,,,,,,,,
1163,Reece Beekman,,,,,,,,,,,,,,,,,,,23.0,12.8
1164,Reed Sheppard,,,,,,,,,,,,,,,,,,,20.0,17.8
1165,Reggie Bullock,24.0,11.4,25.0,13.4,26.0,15.7,27.0,15.8,28.0,15.6,29.0,14.4,30.0,13.3,31.0,10.0,32.0,9.4,,
1166,Reggie Hearn,,,,,26.0,12.7,,,,,,,,,,,,,,
1167,Reggie Jackson,25.0,29.1,26.0,26.4,27.0,27.1,28.0,24.5,29.0,23.1,30.0,19.9,31.0,27.6,32.0,20.8,33.0,21.7,34.0,17.5
1168,Reggie Perry,,,,,,,,,,,20.0,20.4,21.0,22.4,,,,,,
1169,Reggie Williams,,,30.0,14.6,,,,,,,,,,,,,,,,
1170,Richard Jefferson,35.0,13.4,36.0,12.2,37.0,9.4,,,,,,,,,,,,,,
1171,Richaun Holmes,22.0,17.9,23.0,18.6,24.0,16.6,25.0,17.9,26.0,15.6,27.0,17.5,28.0,15.8,29.0,13.7,30.0,14.7,31.0,14.7
1172,Ricky Council IV,,,,,,,,,,,,,,,,,22.0,22.1,23.0,20.3
1173,Ricky Rubio,25.0,17.7,26.0,17.4,27.0,22.9,28.0,22.7,29.0,20.4,30.0,16.0,31.0,24.9,32.0,17.7,,,,
1174,Riley Minix,,,,,,,,,,,,,,,,,,,24.0,6.1
1175,Rob Dillingham,,,,,,,,,,,,,,,,,,,20.0,22.7
1176,Rob Edwards,,,,,,,,,,,,,25.0,19.6,,,,,,
1177,Robert Covington,25.0,21.5,26.0,19.2,27.0,17.2,28.0,15.6,29.0,17.0,30.0,11.5,31.0,13.5,32.0,15.6,33.0,10.7,,
1178,Robert Franks,,,,,,,,,,,24.0,15.3,,,,,,,,
1179,Robert Sacre,26.0,14.3,,,,,,,,,,,,,,,,,,
1180,Robert Williams,,,,,,,21.0,10.3,22.0,13.6,23.0,15.0,24.0,11.5,25.0,11.8,26.0,13.2,27.0,12.2
1181,Robert Woodard II,,,,,,,,,,,21.0,23.4,22.0,18.3,,,,,,
1182,Robin Lopez,27.0,17.7,28.0,17.5,29.0,20.4,30.0,18.6,31.0,16.6,32.0,17.1,33.0,18.9,34.0,16.1,35.0,14.5,,
1183,Rodions Kurucs,,,,,,,20.0,18.4,21.0,14.7,22.0,15.9,,,,,,,,
1184,Rodney Hood,23.0,21.5,24.0,22.9,25.0,24.3,26.0,18.1,27.0,13.9,28.0,14.1,29.0,10.7,,,,,,
1185,Rodney McGruder,,,25.0,12.3,26.0,12.1,27.0,15.4,28.0,10.6,29.0,18.1,30.0,14.8,31.0,14.0,,,,
1186,Rodney Purvis,,,,,23.0,18.7,,,,,,,,,,,,,,
1187,Rodney Stuckey,29.0,20.3,30.0,22.2,,,,,,,,,,,,,,,,
1188,Romeo Langford,,,,,,,,,20.0,11.8,21.0,11.3,22.0,12.9,23.0,15.4,,,,
1189,Ron Baker,,,23.0,14.8,24.0,10.0,25.0,7.8,,,,,,,,,,,,
1190,Ron Harper Jr.,,,,,,,,,,,,,,,22.0,14.6,23.0,0.0,24.0,22.0
1191,Ron Holland,,,,,,,,,,,,,,,,,,,19.0,18.1
1192,Rondae Hollis-Jefferson,21.0,13.5,22.0,18.7,23.0,22.2,24.0,21.6,25.0,17.2,26.0,10.9,,,,,,,,
1193,Ronnie Price,32.0,13.7,33.0,9.0,,,,,,,,,,,,,,,,
1194,Roy Hibbert,29.0,12.9,30.0,14.0,,,,,,,,,,,,,,,,
1195,Royce O'Neale,,,,,24.0,14.6,25.0,11.0,26.0,9.6,27.0,9.6,28.0,9.9,29.0,13.6,30.0,13.9,31.0,15.5
1196,Rudy Gay,29.0,22.4,30.0,25.8,31.0,24.6,32.0,22.1,33.0,22.0,34.0,23.6,35.0,19.3,36.0,17.7,,,,
1197,Rudy Gobert,23.0,14.2,24.0,16.7,25.0,16.9,26.0,17.8,27.0,16.2,28.0,17.0,29.0,16.9,30.0,16.3,31.0,15.4,32.0,13.0
1198,Rui Hachimura,,,,,,,,,21.0,19.0,22.0,18.1,23.0,20.9,24.0,20.2,25.0,18.5,26.0,15.8
1199,Russ Smith,24.0,23.6,,,,,,,,,,,,,,,,,,
1200,Russell Westbrook,27.0,31.6,28.0,41.7,29.0,34.1,30.0,30.9,31.0,34.4,32.0,30.2,33.0,27.3,34.0,27.7,35.0,25.2,36.0,23.8
1201,Ryan Anderson,27.0,24.7,28.0,17.9,29.0,14.4,30.0,12.0,31.0,23.7,,,,,,,,,,
1202,Ryan Arcidiacono,,,,,23.0,8.1,24.0,11.7,25.0,12.5,26.0,13.1,27.0,8.6,28.0,11.1,29.0,7.7,,
1203,Ryan Broekhoff,,,,,,,28.0,14.3,29.0,16.3,,,,,,,,,,
1204,Ryan Dunn,,,,,,,,,,,,,,,,,,,22.0,16.7
1205,Ryan Hollins,31.0,11.8,,,,,,,,,,,,,,,,,,
1206,Ryan Kelly,24.0,17.9,25.0,13.7,,,,,,,,,,,,,,,,
1207,Ryan Rollins,,,,,,,,,,,,,,,20.0,26.1,21.0,23.0,22.0,18.4
1208,Saben Lee,,,,,,,,,,,21.0,17.0,22.0,17.3,23.0,19.5,24.0,18.8,,
1209,Saddiq Bey,,,,,,,,,,,21.0,18.7,22.0,21.3,23.0,20.2,24.0,17.0,,
1210,Salah Mejri,29.0,14.0,30.0,10.6,31.0,12.8,32.0,15.8,,,,,,,,,,,,
1211,Sam Dekker,21.0,0.0,22.0,14.9,23.0,15.5,24.0,16.2,,,,,27.0,0.0,,,,,,
1212,Sam Hauser,,,,,,,,,,,,,24.0,14.5,25.0,14.7,26.0,15.0,27.0,14.3
1213,Sam Merrill,,,,,,,,,,,24.0,15.0,25.0,19.6,26.0,17.3,27.0,17.5,28.0,14.3
1214,Sandro Mamukelashvili,,,,,,,,,,,,,22.0,14.6,23.0,18.2,24.0,17.7,25.0,20.8
1215,Santi Aldama,,,,,,,,,,,,,21.0,18.4,22.0,16.0,23.0,17.9,24.0,18.5
1216,Sasha Kaun,30.0,13.7,,,,,,,,,,,,,,,,,,
1217,Sasha Vezenkov,,,,,,,,,,,,,,,,,28.0,17.5,,
1218,Sasha Vujačić,31.0,16.8,32.0,17.3,,,,,,,,,,,,,,,,
1219,Scoot Henderson,,,,,,,,,,,,,,,,,19.0,26.5,20.0,22.5
1220,Scott Machado,,,,,,,28.0,14.0,,,,,,,,,,,,
1221,Scottie Barnes,,,,,,,,,,,,,20.0,19.0,21.0,20.3,22.0,24.8,23.0,27.0
1222,Scottie Lewis,,,,,,,,,,,,,21.0,5.3,,,,,,
1223,Scotty Hopson,,,,,28.0,16.3,,,,,,,32.0,14.4,,,,,,
1224,Scotty Pippen Jr.,,,,,,,,,,,,,,,22.0,23.7,23.0,23.0,24.0,19.3
1225,Sean Kilpatrick,26.0,23.8,27.0,23.8,28.0,24.9,,,,,,,,,,,,,,
1226,Sean McDermott,,,,,,,,,,,24.0,10.8,,,,,,,,
1227,Sekou Doumbouya,,,,,,,,,19.0,16.9,20.0,17.8,21.0,31.6,,,,,,
1228,Semaj Christon,,,24.0,12.2,,,,,,,,,,,,,,,,
1229,Semi Ojeleye,,,,,23.0,9.0,24.0,14.1,25.0,9.7,26.0,11.6,27.0,12.8,,,,,,
1230,Serge Ibaka,26.0,17.6,27.0,20.9,28.0,19.4,29.0,22.9,30.0,24.0,31.0,20.1,32.0,17.8,33.0,16.1,,,,
1231,Sergey Karasev,22.0,12.1,,,,,,,,,,,,,,,,,,
1232,Sergio Rodríguez,,,30.0,19.3,,,,,,,,,,,,,,,,
1233,Seth Curry,25.0,17.4,26.0,19.5,,,28.0,16.6,29.0,18.4,30.0,17.1,31.0,18.5,32.0,19.2,33.0,16.8,34.0,15.7
1234,Seth Lundy,,,,,,,,,,,,,,,,,23.0,15.8,,
1235,Shabazz Muhammad,23.0,22.8,24.0,21.5,25.0,23.0,,,,,,,,,,,,,,
1236,Shabazz Napier,24.0,19.7,25.0,21.2,26.0,19.5,27.0,24.0,28.0,20.0,,,,,,,,,,
1237,Shaedon Sharpe,,,,,,,,,,,,,,,19.0,19.0,20.0,22.4,21.0,25.1
1238,Shai Gilgeous-Alexander,,,,,,,20.0,18.3,21.0,23.7,22.0,27.8,23.0,30.8,24.0,32.8,25.0,32.8,26.0,34.8
1239,Shake Milton,,,,,,,22.0,15.0,23.0,18.9,24.0,24.9,25.0,18.3,26.0,18.5,27.0,18.7,28.0,16.7
1240,Shamorie Ponds,,,,,,,,,21.0,22.8,,,,,,,,,,
1241,Shane Larkin,23.0,17.7,,,25.0,15.5,,,,,,,,,,,,,,
1242,Shaq Buchanan,,,,,,,,,,,,,25.0,24.6,,,,,,
1243,Shaquille Harrison,,,,,24.0,18.0,25.0,16.5,26.0,18.1,27.0,12.9,28.0,15.0,29.0,17.6,30.0,14.3,,
1244,Sharife Cooper,,,,,,,,,,,,,20.0,21.3,,,,,,
1245,Shaun Livingston,30.0,14.2,31.0,13.0,32.0,16.7,33.0,12.0,,,,,,,,,,,,
1246,Shawn Long,,,24.0,25.4,,,,,,,,,,,,,,,,
1247,Shayne Whittington,24.0,18.1,,,,,,,,,,,,,,,,,,
1248,Sheldon Mac,,,24.0,14.0,,,,,,,,,,,,,,,,
1249,Shelvin Mack,25.0,23.3,26.0,19.6,27.0,17.6,28.0,18.1,,,,,,,,,,,,
1250,Sidy Cissoko,,,,,,,,,,,,,,,,,19.0,12.7,20.0,16.6
1251,Simone Fontecchio,,,,,,,,,,,,,,,27.0,20.2,28.0,16.5,29.0,15.8
1252,Sindarius Thornwell,,,,,23.0,12.1,24.0,11.3,25.0,17.3,26.0,11.1,,,,,,,,
1253,Skal Labissière,,,20.0,21.3,21.0,21.1,22.0,16.0,23.0,14.3,,,,,,,,,28.0,14.3
1254,Skylar Mays,,,,,,,,,,,23.0,19.1,24.0,15.5,25.0,19.3,26.0,18.4,,
1255,Solomon Hill,24.0,13.2,25.0,11.5,26.0,12.2,27.0,10.4,28.0,13.6,29.0,10.4,30.0,6.6,,,,,,
1256,Sonny Weems,29.0,13.5,,,,,,,,,,,,,,,,,,
1257,Spencer Dinwiddie,22.0,20.7,23.0,14.1,24.0,20.3,25.0,24.9,26.0,29.2,27.0,16.1,28.0,21.4,29.0,22.1,30.0,16.6,31.0,17.9
1258,Spencer Hawes,27.0,17.1,28.0,19.8,,,,,,,,,,,,,,,,
1259,Spencer Jones,,,,,,,,,,,,,,,,,,,23.0,13.7
1260,Stanley Johnson,19.0,19.6,20.0,14.8,21.0,16.4,22.0,19.4,23.0,23.1,24.0,13.4,25.0,12.5,26.0,15.2,,,,
1261,Stanley Umude,,,,,,,,,,,,,,,23.0,40.0,24.0,15.6,25.0,15.7
1262,Stanton Kidd,,,,,,,,,27.0,14.6,,,,,,,,,,
1263,Stephen Curry,27.0,32.6,28.0,30.1,29.0,31.0,30.0,30.4,31.0,33.6,32.0,34.8,33.0,30.8,34.0,31.0,35.0,31.3,36.0,29.8
1264,Stephen Zimmerman,,,20.0,14.8,,,,,,,,,,,,,,,,
1265,Stephon Castle,,,,,,,,,,,,,,,,,,,20.0,26.0
1266,Sterling Brown,,,,,22.0,14.0,23.0,15.2,24.0,17.0,25.0,13.5,26.0,13.2,27.0,7.0,,,,
1267,Steve Blake,35.0,14.6,,,,,,,,,,,,,,,,,,
1268,Steve Novak,32.0,19.2,33.0,14.5,,,,,,,,,,,,,,,,
1269,Steven Adams,22.0,12.6,23.0,16.2,24.0,16.7,25.0,16.4,26.0,17.3,27.0,11.7,28.0,12.0,29.0,14.6,,,31.0,13.6
1270,Svi Mykhailiuk,,,,,,,21.0,16.0,22.0,17.1,23.0,20.0,24.0,16.9,25.0,19.3,26.0,16.1,27.0,20.3
1271,T.J. Leaf,,,,,20.0,14.9,21.0,17.5,22.0,20.0,23.0,15.8,,,,,,,,
1272,T.J. McConnell,23.0,17.0,24.0,14.4,25.0,13.8,26.0,15.0,27.0,17.5,28.0,15.3,29.0,16.2,30.0,19.1,31.0,23.7,32.0,23.4
1273,T.J. Warren,22.0,19.9,23.0,19.2,24.0,24.9,25.0,22.7,26.0,23.3,27.0,21.6,,,29.0,19.5,30.0,16.5,,
1274,Tacko Fall,,,,,,,,,24.0,23.7,25.0,13.2,26.0,13.6,,,,,,
1275,Tahjere McCall,,,,,,,24.0,18.1,,,,,,,,,,,,
1276,Taj Gibson,30.0,14.6,31.0,19.3,32.0,14.7,33.0,17.2,34.0,14.8,35.0,9.7,36.0,10.0,37.0,15.3,38.0,9.0,39.0,13.4
1277,Talen Horton-Tucker,,,,,,,,,19.0,19.7,20.0,21.7,21.0,19.2,22.0,25.9,23.0,24.0,24.0,21.6
1278,Tari Eason,,,,,,,,,,,,,,,21.0,19.3,22.0,19.8,23.0,19.4
1279,Tarik Black,24.0,12.9,25.0,15.7,26.0,15.6,,,,,,,,,,,,,,
1280,Tariq Owens,,,,,,,,,24.0,16.7,,,,,,,,,,
1281,Taurean Prince,,,22.0,17.2,23.0,22.1,24.0,19.5,25.0,20.4,26.0,19.6,27.0,17.0,28.0,17.3,29.0,13.8,30.0,12.5
1282,Taylor Hendricks,,,,,,,,,,,,,,,,,20.0,13.7,21.0,12.1
1283,Tayshaun Prince,35.0,8.1,,,,,,,,,,,,,,,,,,
1284,Taze Moore,,,,,,,,,,,,,,,,,25.0,24.3,26.0,26.8
1285,Terance Mann,,,,,,,,,23.0,12.6,24.0,15.1,25.0,16.0,26.0,15.3,27.0,13.6,28.0,14.7
1286,Terence Davis,,,,,,,,,22.0,19.0,23.0,21.8,24.0,25.6,25.0,22.2,,,27.0,10.8
1287,Terquavion Smith,,,,,,,,,,,,,,,,,21.0,28.4,,
1288,Terrance Ferguson,,,,,19.0,10.4,20.0,10.6,21.0,9.1,22.0,9.7,,,,,,,,
1289,Terrence Jones,24.0,19.3,25.0,21.4,,,27.0,47.2,,,,,,,,,,,,
1290,Terrence Ross,24.0,18.2,25.0,19.3,26.0,17.3,27.0,23.9,28.0,22.8,29.0,24.1,30.0,20.5,31.0,16.8,,,,
1291,Terrence Shannon Jr.,,,,,,,,,,,,,,,,,,,24.0,17.7
1292,Terry Rozier,21.0,17.7,22.0,17.1,23.0,20.4,24.0,18.6,25.0,23.7,26.0,24.4,27.0,23.2,28.0,26.9,29.0,25.9,30.0,20.4
1293,Terry Taylor,,,,,,,,,,,,,22.0,15.9,23.0,14.2,24.0,11.3,25.0,7.2
1294,Thabo Sefolosha,31.0,12.3,32.0,13.3,33.0,16.4,34.0,12.9,35.0,10.4,,,,,,,,,,
1295,Thaddeus Young,27.0,21.6,28.0,16.4,29.0,17.3,30.0,18.0,31.0,19.7,32.0,22.3,33.0,17.4,34.0,13.5,35.0,12.6,,
1296,Thanasis Antetokounmpo,23.0,30.2,,,,,,,27.0,21.6,28.0,15.3,29.0,15.7,30.0,13.8,31.0,12.5,,
1297,Theo Pinson,,,,,,,23.0,20.0,24.0,22.3,25.0,13.1,26.0,14.7,27.0,14.7,,,,
1298,Thomas Bryant,,,,,20.0,15.9,21.0,17.6,22.0,18.9,23.0,17.2,24.0,18.7,25.0,18.2,26.0,19.3,27.0,17.1
1299,Thomas Robinson,24.0,19.8,25.0,20.7,,,,,,,,,,,,,,,,
1300,Thomas Welsh,,,,,,,22.0,17.7,,,,,,,,,,,,
1301,Thon Maker,,,19.0,17.8,20.0,14.6,21.0,14.8,22.0,16.1,23.0,14.8,,,,,,,,
1302,Théo Maledon,,,,,,,,,,,19.0,19.4,20.0,20.3,21.0,17.0,22.0,19.6,,
1303,Tiago Splitter,31.0,15.5,32.0,23.9,,,,,,,,,,,,,,,,
1304,Tibor Pleiß,26.0,19.1,,,,,,,,,,,,,,,,,,
1305,Tidjane Salaün,,,,,,,,,,,,,,,,,,,19.0,15.2
1306,Tim Duncan,39.0,17.6,,,,,,,,,,,,,,,,,,
1307,Tim Frazier,25.0,19.4,26.0,16.3,27.0,12.8,28.0,13.3,29.0,17.3,30.0,18.1,31.0,13.3,,,,,,
1308,Tim Hardaway Jr.,23.0,16.2,24.0,22.5,25.0,23.8,26.0,25.4,27.0,21.1,28.0,23.4,29.0,22.0,30.0,20.6,31.0,22.6,32.0,15.5
1309,Tim Quarterman,,,22.0,22.8,23.0,20.0,,,,,,,,,,,,,,
1310,Timmy Allen,,,,,,,,,,,,,,,,,24.0,8.9,,
1311,Timofey Mozgov,29.0,16.1,30.0,16.8,31.0,16.8,,,,,,,,,,,,,,
1312,Timothé Luwawu-Cabarrot,,,21.0,17.8,22.0,17.5,23.0,16.6,24.0,16.8,25.0,17.4,26.0,14.3,,,,,,
1313,Tobias Harris,23.0,19.3,24.0,21.7,25.0,23.3,26.0,22.8,27.0,23.9,28.0,23.9,29.0,21.7,30.0,18.2,31.0,20.7,32.0,17.6
1314,Tolu Smith,,,,,,,,,,,,,,,,,,,24.0,23.6
1315,Tomáš Satoranský,,,25.0,12.1,26.0,13.7,27.0,14.1,28.0,16.7,29.0,15.2,30.0,12.6,,,,,,
1316,Toney Douglas,29.0,19.4,30.0,17.4,,,,,,,,,,,,,,,,
1317,Tony Allen,34.0,16.8,35.0,17.9,36.0,18.9,,,,,,,,,,,,,,
1318,Tony Bradley,,,,,20.0,18.4,21.0,23.6,22.0,15.8,23.0,15.8,24.0,13.6,25.0,19.8,,,27.0,20.1
1319,Tony Parker,33.0,21.2,34.0,20.2,35.0,20.5,36.0,25.5,,,,,,,,,,,,
1320,Tony Snell,24.0,13.7,25.0,12.1,26.0,10.6,27.0,12.9,28.0,11.4,29.0,8.6,30.0,10.1,,,,,,
1321,Tony Wroten,22.0,33.5,,,,,,,,,,,,,,,,,,
1322,Torrey Craig,,,,,27.0,11.9,28.0,12.4,29.0,12.6,30.0,14.3,31.0,14.3,32.0,13.0,33.0,12.5,34.0,14.1
1323,Tosan Evbuomwan,,,,,,,,,,,,,,,,,22.0,10.6,23.0,19.1
1324,Toumani Camara,,,,,,,,,,,,,,,,,23.0,13.8,24.0,14.4
1325,Trae Young,,,,,,,20.0,28.4,21.0,34.9,22.0,33.0,23.0,34.4,24.0,32.6,25.0,30.5,26.0,29.6
1326,Travis Wear,,,,,27.0,15.2,,,,,,,,,,,,,,
1327,Trayce Jackson-Davis,,,,,,,,,,,,,,,,,23.0,16.4,24.0,17.1
1328,Trayvon Palmer,,,,,,,,,,,,,27.0,5.0,,,,,,
1329,Tre Jones,,,,,,,,,,,21.0,16.1,22.0,15.6,23.0,19.3,24.0,15.2,25.0,14.1
1330,Tre Mann,,,,,,,,,,,,,20.0,22.0,21.0,20.7,22.0,18.2,23.0,26.0
1331,Tre Scott,,,,,,,,,,,,,25.0,24.1,,,,,,
1332,Tremont Waters,,,,,,,,,22.0,24.2,23.0,21.4,24.0,15.5,,,,,,
1333,Trendon Watford,,,,,,,,,,,,,21.0,17.6,22.0,16.1,23.0,21.1,24.0,23.3
1334,Trent Forrest,,,,,,,,,,,22.0,14.3,23.0,12.8,24.0,11.6,25.0,11.8,,
1335,Trentyn Flowers,,,,,,,,,,,,,,,,,,,19.0,21.5
1336,Trevelin Queen,,,,,,,,,,,,,24.0,23.9,25.0,22.9,26.0,13.3,27.0,18.1
1337,Treveon Graham,,,23.0,11.8,24.0,11.3,25.0,12.8,26.0,13.1,,,,,,,,,,
1338,Trevon Duval,,,,,,,20.0,20.9,,,,,,,,,,,,
1339,Trevor Ariza,30.0,15.7,31.0,14.1,32.0,14.4,33.0,16.6,34.0,11.8,35.0,15.1,36.0,11.0,,,,,,
1340,Trevor Booker,28.0,14.6,29.0,18.7,30.0,16.6,,,,,,,,,,,,,,
1341,Trevor Hudgins,,,,,,,,,,,,,,,23.0,16.8,,,,
1342,Trevor Keels,,,,,,,,,,,,,,,19.0,21.4,,,,
1343,Trey Alexander,,,,,,,,,,,,,,,,,,,21.0,17.3
1344,Trey Burke,23.0,25.3,24.0,19.6,25.0,25.1,26.0,24.8,27.0,20.0,28.0,20.0,29.0,25.6,,,,,,
1345,Trey Jemison,,,,,,,,,,,,,,,,,24.0,13.5,25.0,12.4
1346,Trey Lyles,20.0,17.9,21.0,21.7,22.0,21.1,23.0,23.4,24.0,13.6,25.0,12.9,26.0,20.7,27.0,18.1,28.0,14.4,29.0,14.3
1347,Trey McKinney-Jones,,,,,27.0,0.0,,,,,,,,,,,,,,
1348,Trey Murphy III,,,,,,,,,,,,,21.0,15.7,22.0,16.6,23.0,18.6,24.0,23.7
1349,Tristan Da Silva,,,,,,,,,,,,,,,,,,,23.0,15.2
1350,Tristan Thompson,24.0,11.7,25.0,11.3,26.0,12.6,27.0,17.7,28.0,18.3,29.0,14.8,30.0,17.5,,,32.0,13.8,33.0,12.7
1351,Tristan Vukcevic,,,,,,,,,,,,,,,,,20.0,23.9,21.0,25.7
1352,Tristen Newton,,,,,,,,,,,,,,,,,,,23.0,28.2
1353,Troy Brown Jr.,,,,,,,19.0,16.5,20.0,17.8,21.0,14.0,22.0,12.3,23.0,12.1,24.0,14.3,,
1354,Troy Caupain,,,,,,,23.0,21.8,,,,,,,,,,,,
1355,Troy Daniels,24.0,20.4,25.0,21.7,26.0,17.2,27.0,17.6,28.0,16.3,,,,,,,,,,
1356,Troy Williams,,,22.0,17.1,23.0,20.1,24.0,15.0,,,,,,,,,,,,
1357,Ty Jerome,,,,,,,,,22.0,17.9,23.0,18.8,24.0,20.8,25.0,14.9,26.0,14.7,27.0,23.6
1358,Ty Lawson,28.0,14.9,29.0,19.5,,,,,,,,,,,,,,,,
1359,Ty-Shon Alexander,,,,,,,,,,,22.0,15.0,,,,,,,,
1360,TyTy Washington Jr.,,,,,,,,,,,,,,,21.0,17.4,22.0,17.0,23.0,19.0
1361,Tyler Bey,,,,,,,,,,,22.0,16.9,,,,,,,,
1362,Tyler Cavanaugh,,,,,23.0,14.8,24.0,13.0,,,,,,,,,,,,
1363,Tyler Cook,,,,,,,,,22.0,14.7,23.0,13.9,24.0,13.0,,,,,,
1364,Tyler Davis,,,,,,,21.0,40.7,,,,,,,,,,,,
1365,Tyler Dorsey,,,,,21.0,20.0,22.0,19.7,,,,,,,26.0,28.3,,,,
1366,Tyler Ennis,21.0,17.1,22.0,19.1,23.0,17.1,,,,,,,,,,,,,,
1367,Tyler Hall,,,,,,,,,,,,,24.0,0.0,,,,,,
1368,Tyler Hansbrough,30.0,14.7,,,,,,,,,,,,,,,,,,
1369,Tyler Herro,,,,,,,,,20.0,22.3,21.0,23.5,22.0,28.8,23.0,25.6,24.0,27.8,25.0,28.0
1370,Tyler Johnson,23.0,16.8,24.0,20.9,25.0,18.6,26.0,18.5,27.0,18.0,28.0,13.3,29.0,10.5,,,,,,
1371,Tyler Kolek,,,,,,,,,,,,,,,,,,,23.0,15.8
1372,Tyler Lydon,,,,,21.0,0.0,22.0,10.6,,,,,,,,,,,,
1373,Tyler Smith,,,,,,,,,,,,,,,,,,,20.0,22.1
1374,Tyler Ulis,,,21.0,20.3,22.0,18.5,23.0,0.0,,,,,,,,,,,,
1375,Tyler Zeller,26.0,23.0,27.0,16.5,28.0,16.4,29.0,20.1,30.0,43.2,,,,,,,,,,
1376,Tyreke Evans,26.0,24.7,27.0,26.7,28.0,28.4,29.0,26.4,,,,,,,,,,,,
1377,Tyrell Terry,,,,,,,,,,,20.0,15.3,21.0,13.7,,,,,,
1378,Tyrese Haliburton,,,,,,,,,,,20.0,18.1,21.0,19.0,22.0,23.8,23.0,24.6,24.0,21.6
1379,Tyrese Martin,,,,,,,,,,,,,,,23.0,16.5,,,25.0,18.8
1380,Tyrese Maxey,,,,,,,,,,,20.0,23.0,21.0,20.2,22.0,24.1,23.0,28.0,24.0,29.8
1381,Tyrone Wallace,,,,,23.0,16.6,24.0,18.7,25.0,16.0,,,27.0,13.9,,,,,,
1382,Tyson Chandler,33.0,12.7,34.0,11.2,35.0,10.6,36.0,8.5,37.0,6.0,,,,,,,,,,
1383,Tyson Etienne,,,,,,,,,,,,,,,,,,,25.0,18.6
1384,Tyus Jones,19.0,16.1,20.0,13.6,21.0,12.7,22.0,14.1,23.0,17.2,24.0,16.6,25.0,16.6,26.0,17.7,27.0,16.3,28.0,16.2
1385,Udoka Azubuike,,,,,,,,,,,21.0,12.4,22.0,14.7,23.0,11.5,24.0,12.6,,
1386,Udonis Haslem,35.0,12.8,36.0,12.8,37.0,11.1,38.0,21.9,39.0,13.8,40.0,30.1,41.0,20.0,42.0,20.1,,,,
1387,Ulrich Chomche,,,,,,,,,,,,,,,,,,,19.0,10.3
1388,Usman Garuba,,,,,,,,,,,,,19.0,9.4,20.0,10.5,21.0,20.8,,
1389,Vander Blue,,,,,25.0,8.4,,,,,,,,,,,,,,
1390,Vasilije Micić,,,,,,,,,,,,,,,,,30.0,18.8,31.0,19.9
1391,Vernon Carey Jr.,,,,,,,,,,,19.0,17.2,20.0,21.6,21.0,16.9,,,,
1392,Vic Law,,,,,,,,,24.0,15.8,,,,,,,,,,
1393,Victor Oladipo,23.0,22.9,24.0,21.4,25.0,30.1,26.0,27.9,27.0,26.5,28.0,28.5,29.0,25.1,30.0,21.1,,,,
1394,Victor Wembanyama,,,,,,,,,,,,,,,,,20.0,32.2,21.0,30.4
1395,Vince Carter,39.0,18.5,40.0,14.9,41.0,14.7,42.0,16.7,43.0,16.6,,,,,,,,,,
1396,Vince Edwards,,,,,,,22.0,10.9,,,,,,,,,,,,
1397,Vince Hunter,,,,,23.0,38.5,,,,,,,,,,,,,,
1398,Vince Williams Jr.,,,,,,,,,,,,,,,22.0,18.1,23.0,15.8,24.0,17.0
1399,Vincent Poirier,,,,,,,,,26.0,15.4,27.0,20.6,,,,,,,,
1400,Vit Krejci,,,,,,,,,,,,,21.0,12.9,22.0,10.9,23.0,9.8,24.0,12.9
1401,Vlatko Čančar,,,,,,,,,22.0,19.1,23.0,14.2,24.0,14.0,25.0,13.8,,,27.0,11.5
1402,Wade Baldwin,,,20.0,19.1,21.0,16.1,22.0,23.3,,,,,,,,,,,,
1403,Walker Kessler,,,,,,,,,,,,,,,21.0,13.3,22.0,12.8,23.0,13.7
1404,Walt Lemon Jr.,,,,,25.0,26.4,26.0,26.6,,,,,,,,,,,,
1405,Wayne Ellington,28.0,17.5,29.0,17.9,30.0,17.3,31.0,17.2,32.0,15.0,33.0,16.7,34.0,13.8,,,,,,
1406,Wayne Selden,,,22.0,15.3,23.0,22.6,24.0,18.4,,,,,27.0,13.3,,,,,,
1407,Wendell Carter Jr.,,,,,,,19.0,19.1,20.0,16.4,21.0,19.3,22.0,20.9,23.0,20.5,24.0,17.2,25.0,16.0
1408,Wendell Moore Jr.,,,,,,,,,,,,,,,21.0,14.9,22.0,13.0,23.0,13.8
1409,Wenyen Gabriel,,,,,,,,,22.0,13.4,23.0,14.4,24.0,17.4,25.0,14.1,26.0,17.0,,
1410,Wes Iwundu,,,,,23.0,11.6,24.0,12.8,25.0,13.7,26.0,10.8,27.0,11.1,,,,,,
1411,Wesley Johnson,28.0,16.0,29.0,12.5,30.0,13.0,31.0,12.0,,,,,,,,,,,,
1412,Wesley Matthews,29.0,17.2,30.0,19.4,31.0,17.6,32.0,17.8,33.0,12.5,34.0,11.4,35.0,10.7,36.0,9.8,37.0,11.7,,
1413,Will Barton,25.0,23.0,26.0,21.1,27.0,20.7,28.0,20.0,29.0,20.1,30.0,19.0,31.0,20.8,32.0,18.9,,,,
1414,Will Magnay,,,,,,,,,,,22.0,28.0,,,,,,,,
1415,William Howard,,,,,,,,,26.0,15.9,,,,,,,,,,
1416,Willie Cauley-Stein,22.0,13.2,23.0,19.7,24.0,21.8,25.0,17.5,26.0,14.4,27.0,12.0,28.0,10.6,,,,,,
1417,Willie Reed,25.0,18.1,26.0,15.3,27.0,16.6,,,,,,,,,,,,,,
1418,Willy Hernangómez,,,22.0,20.3,23.0,21.0,24.0,22.1,25.0,22.9,26.0,17.0,27.0,22.5,28.0,23.8,,,,
1419,Wilson Chandler,,,29.0,22.0,30.0,14.3,31.0,11.8,32.0,12.9,,,,,,,,,,
1420,Xavier Cooks,,,,,,,,,,,,,,,27.0,13.9,,,,
1421,Xavier Moon,,,,,,,,,,,,,27.0,19.0,28.0,21.8,29.0,19.1,,
1422,Xavier Munford,23.0,18.0,,,25.0,19.1,,,,,,,,,,,,,,
1423,Xavier Rathan-Mayes,,,,,23.0,21.7,,,,,,,,,,,,,,
1424,Xavier Silas,,,,,30.0,19.1,,,,,,,,,,,,,,
1425,Xavier Sneed,,,,,,,,,,,,,24.0,11.0,25.0,12.9,,,,
1426,Xavier Tillman Sr.,,,,,,,,,,,22.0,14.3,23.0,16.4,24.0,13.7,25.0,14.8,26.0,13.1
1427,Yante Maten,,,,,,,22.0,13.2,,,,,,,,,,,,
1428,Yogi Ferrell,,,23.0,19.6,24.0,17.0,25.0,16.3,26.0,19.2,27.0,20.7,,,,,,,,
1429,Yuki Kawamura,,,,,,,,,,,,,,,,,,,23.0,16.9
1430,Yuri Collins,,,,,,,,,,,,,,,,,,,23.0,7.9
1431,Yuta Watanabe,,,,,,,24.0,15.8,25.0,15.7,26.0,12.7,27.0,16.8,28.0,13.1,29.0,13.3,,
1432,Yves Missi,,,,,,,,,,,,,,,,,,,20.0,14.3
1433,Yves Pons,,,,,,,,,,,,,22.0,10.3,,,,,,
1434,Zaccharie Risacher,,,,,,,,,,,,,,,,,,,19.0,20.9
1435,Zach Collins,,,,,20.0,15.4,21.0,16.6,22.0,12.5,,,24.0,19.2,25.0,21.2,26.0,22.7,27.0,17.1
1436,Zach Edey,,,,,,,,,,,,,,,,,,,22.0,16.4
1437,Zach LaVine,20.0,23.5,21.0,21.7,22.0,29.5,23.0,30.5,24.0,31.7,25.0,31.0,26.0,28.8,27.0,28.3,28.0,23.8,29.0,25.3
1438,Zach Lofton,,,,,,,26.0,21.6,,,,,,,,,,,,
1439,Zach Norvell,,,,,,,,,22.0,16.1,,,,,,,,,,
1440,Zach Randolph,34.0,24.6,35.0,29.2,36.0,27.6,,,,,,,,,,,,,,
1441,Zavier Simpson,,,,,,,,,,,,,24.0,15.9,,,26.0,17.5,,
1442,Zaza Pachulia,31.0,16.2,32.0,15.3,33.0,17.0,34.0,15.0,,,,,,,,,,,,
1443,Zeke Nnaji,,,,,,,,,,,20.0,12.9,21.0,14.9,22.0,15.2,23.0,15.4,24.0,12.2
1444,Zhaire Smith,,,,,,,19.0,16.4,20.0,19.9,,,,,,,,,,
1445,Zhou Qi,,,,,22.0,16.8,23.0,43.4,,,,,,,,,,,,
1446,Ziaire Williams,,,,,,,,,,,,,20.0,14.9,21.0,18.0,22.0,19.7,23.0,18.2
1447,Zion Williamson,,,,,,,,,19.0,30.5,20.0,29.8,,,22.0,30.4,23.0,29.7,24.0,34.7
1448,Zylan Cheatham,,,,,,,,,24.0,10.4,,,26.0,26.1,,,,,,
1449,Zyon Pullin,,,,,,,,,,,,,,,,,,,23.0,13.4
1450,Álex Abrines,,,23.0,15.9,24.0,12.7,25.0,12.2,,,,,,,,,,,,
1451,Ángel Delgado,,,,,,,24.0,16.5,,,,,,,,,,,,
1452,Ömer Aşık,29.0,11.4,30.0,8.8,31.0,8.7,,,,,,,,,,,,,,
