Player,Team,Offense,Defense,Total,Offense_value,Offense_percentile,Defense(*)_value,Defense(*)_percentile,Total_value,Total_percentile
Shai Gilgeous-Alexander,OKC,4.6 (99),-2.1 (98),6.7 (99),4.6,99,-2.1,98,6.7,99
Nikola Jokić,DEN,5.2 (99),-1.1 (91),6.3 (99),5.2,99,-1.1,91,6.3,99
Giannis Antetokounmpo,MIL,4.1 (99),-0.4 (75),4.5 (99),4.1,99,-0.4,75,4.5,99
Hugo González,BOS,2.5 (97),-2.0 (98),4.5 (99),2.5,97,-2.0,98,4.5,99
Franz Wagner,ORL,2.3 (97),-1.8 (97),4.1 (99),2.3,97,-1.8,97,4.1,99
Steven Adams,HOU,1.7 (93),-2.3 (98),4.0 (99),1.7,93,-2.3,98,4.0,99
Victor Wembanyama,SAS,0.8 (86),-3.1 (99),3.9 (98),0.8,86,-3.1,99,3.9,98
Zach Edey,MEM,2.3 (96),-1.6 (96),3.9 (98),2.3,96,-1.6,96,3.9,98
De'Anthony Melton,GSW,2.5 (98),-1.2 (93),3.7 (98),2.5,98,-1.2,93,3.7,98
Ajay Mitchell,OKC,0.3 (76),-3.4 (99),3.7 (98),0.3,76,-3.4,99,3.7,98
Dereck Lively II,DAL,2.3 (97),-1.3 (94),3.6 (98),2.3,97,-1.3,94,3.6,98
Tyrese Haliburton,IND,3.3 (99),-0.1 (62),3.4 (98),3.3,99,-0.1,62,3.4,98
Donovan Mitchell,CLE,2.3 (97),-1.0 (89),3.3 (97),2.3,97,-1.0,89,3.3,97
Chet Holmgren,OKC,1.3 (91),-1.9 (97),3.2 (97),1.3,91,-1.9,97,3.2,97
Kawhi Leonard,LAC,2.0 (94),-1.2 (92),3.2 (97),2.0,94,-1.2,92,3.2,97
Stephen Curry,GSW,4.8 (99),1.6 (3),3.2 (97),4.8,99,1.6,3,3.2,97
Miles McBride,NYK,2.1 (96),-0.9 (87),3.0 (97),2.1,96,-0.9,87,3.0,97
Norman Powell,MIA,1.6 (92),-1.4 (94),3.0 (97),1.6,92,-1.4,94,3.0,97
Lauri Markkanen,UTA,2.1 (95),-0.8 (84),2.9 (97),2.1,95,-0.8,84,2.9,97
Luka Dončić,LAL,2.8 (98),-0.1 (62),2.9 (96),2.8,98,-0.1,62,2.9,96
Alex Caruso,OKC,-0.3 (62),-3.1 (99),2.8 (96),-0.3,62,-3.1,99,2.8,96
Jimmy Butler,GSW,2.1 (95),-0.7 (82),2.8 (96),2.1,95,-0.7,82,2.8,96
Deni Avdija,POR,3.3 (99),0.5 (29),2.8 (96),3.3,99,0.5,29,2.8,96
Derrick White,BOS,1.2 (90),-1.6 (96),2.8 (96),1.2,90,-1.6,96,2.8,96
Amen Thompson,HOU,1.1 (89),-1.7 (96),2.8 (96),1.1,89,-1.7,96,2.8,96
Alperen Sengun,HOU,2.2 (96),-0.5 (77),2.7 (95),2.2,96,-0.5,77,2.7,95
Ty Jerome,CLE,2.6 (98),-0.1 (60),2.7 (95),2.6,98,-0.1,60,2.7,95
Kyrie Irving,DAL,2.4 (97),-0.3 (71),2.7 (95),2.4,97,-0.3,71,2.7,95
Rudy Gobert,MIN,-0.6 (47),-3.3 (99),2.7 (95),-0.6,47,-3.3,99,2.7,95
Herbert Jones,NOP,0.3 (77),-2.4 (99),2.7 (95),0.3,77,-2.4,99,2.7,95
Jarrett Allen,CLE,2.0 (95),-0.6 (81),2.6 (95),2.0,95,-0.6,81,2.6,95
Dorian Finney-Smith,HOU,1.0 (89),-1.6 (96),2.6 (95),1.0,89,-1.6,96,2.6,95
Aaron Wiggins,OKC,2.2 (96),-0.3 (71),2.5 (94),2.2,96,-0.3,71,2.5,94
Brandin Podziemski,GSW,0.4 (79),-2.1 (98),2.5 (94),0.4,79,-2.1,98,2.5,94
Kevin Durant,HOU,2.2 (96),-0.1 (61),2.3 (94),2.2,96,-0.1,61,2.3,94
Isaiah Hartenstein,OKC,0.9 (88),-1.4 (95),2.3 (94),0.9,88,-1.4,95,2.3,94
Fred VanVleet,HOU,1.1 (89),-1.2 (93),2.3 (94),1.1,89,-1.2,93,2.3,94
AJ Green,MIL,0.8 (86),-1.5 (95),2.3 (94),0.8,86,-1.5,95,2.3,94
Collin Gillespie,PHX,1.4 (91),-0.9 (86),2.3 (93),1.4,91,-0.9,86,2.3,93
Dean Wade,CLE,0.5 (82),-1.7 (96),2.2 (93),0.5,82,-1.7,96,2.2,93
Jaylin Williams,OKC,0.2 (75),-1.9 (97),2.1 (93),0.2,75,-1.9,97,2.1,93
Cade Cunningham,DET,1.7 (93),-0.4 (74),2.1 (93),1.7,93,-0.4,74,2.1,93
Dyson Daniels,ATL,1.7 (93),-0.4 (74),2.1 (93),1.7,93,-0.4,74,2.1,93
Moussa Diabate,CHA,1.6 (92),-0.5 (77),2.1 (93),1.6,92,-0.5,77,2.1,93
Ronald Holland II,DET,-0.2 (63),-2.3 (99),2.1 (93),-0.2,63,-2.3,99,2.1,93
Luke Kornet,SAS,0.5 (81),-1.5 (95),2.0 (92),0.5,81,-1.5,95,2.0,92
Tari Eason,HOU,1.1 (89),-0.9 (86),2.0 (92),1.1,89,-0.9,86,2.0,92
Pascal Siakam,IND,1.2 (90),-0.8 (83),2.0 (92),1.2,90,-0.8,83,2.0,92
Devin Booker,PHX,2.1 (95),0.1 (48),2.0 (92),2.1,95,0.1,48,2.0,92
Daniss Jenkins,DET,1.0 (88),-1.0 (87),2.0 (92),1.0,88,-1.0,87,2.0,92
Dylan Harper,SAS,0.5 (80),-1.5 (95),2.0 (92),0.5,80,-1.5,95,2.0,92
Cameron Johnson,DEN,2.1 (95),0.2 (44),1.9 (91),2.1,95,0.2,44,1.9,91
Luka Garza,BOS,1.6 (92),-0.3 (69),1.9 (91),1.6,92,-0.3,69,1.9,91
Jayson Tatum,BOS,0.9 (87),-1.0 (88),1.9 (91),0.9,87,-1.0,88,1.9,91
Julian Champagnie,SAS,1.9 (94),0.0 (55),1.9 (91),1.9,94,0.0,55,1.9,91
Naz Reid,MIN,0.5 (81),-1.3 (94),1.8 (91),0.5,81,-1.3,94,1.8,91
Brandon Clarke,MEM,0.9 (86),-0.9 (85),1.8 (91),0.9,86,-0.9,85,1.8,91
Tyrese Maxey,PHI,2.4 (97),0.6 (24),1.8 (91),2.4,97,0.6,24,1.8,91
Jalen Smith,CHI,2.0 (94),0.3 (39),1.7 (90),2.0,94,0.3,39,1.7,90
Karl-Anthony Towns,NYK,2.4 (97),0.7 (21),1.7 (90),2.4,97,0.7,21,1.7,90
Goga Bitadze,ORL,1.0 (88),-0.7 (82),1.7 (90),1.0,88,-0.7,82,1.7,90
Oso Ighodaro,PHX,-0.1 (66),-1.8 (97),1.7 (90),-0.1,66,-1.8,97,1.7,90
Kon Knueppel,CHA,2.0 (94),0.3 (35),1.7 (90),2.0,94,0.3,35,1.7,90
Jamal Murray,DEN,3.1 (98),1.5 (5),1.6 (90),3.1,98,1.5,5,1.6,90
Vince Williams Jr.,MEM,0.8 (86),-0.8 (84),1.6 (89),0.8,86,-0.8,84,1.6,89
LaMelo Ball,CHA,3.1 (98),1.5 (4),1.6 (89),3.1,98,1.5,4,1.6,89
Payton Pritchard,BOS,2.1 (95),0.5 (28),1.6 (89),2.1,95,0.5,28,1.6,89
Davion Mitchell,MIA,0.5 (80),-1.1 (90),1.6 (89),0.5,80,-1.1,90,1.6,89
OG Anunoby,NYK,0.3 (77),-1.3 (93),1.6 (89),0.3,77,-1.3,93,1.6,89
Neemias Queta,BOS,0.4 (79),-1.2 (92),1.6 (89),0.4,79,-1.2,92,1.6,89
Evan Mobley,CLE,0.2 (76),-1.4 (95),1.6 (89),0.2,76,-1.4,95,1.6,89
Jordan Goodwin,PHX,0.2 (74),-1.4 (94),1.6 (88),0.2,74,-1.4,94,1.6,88
Marcus Smart,LAL,0.4 (80),-1.1 (91),1.5 (88),0.4,80,-1.1,91,1.5,88
D'Angelo Russell,DAL,0.5 (81),-1.0 (88),1.5 (88),0.5,81,-1.0,88,1.5,88
Jalen Suggs,ORL,-0.5 (51),-2.0 (98),1.5 (88),-0.5,51,-2.0,98,1.5,88
Kenrich Williams,OKC,0.9 (87),-0.6 (79),1.5 (88),0.9,87,-0.6,79,1.5,88
Aaron Gordon,DEN,-0.5 (52),-1.9 (97),1.4 (88),-0.5,52,-1.9,97,1.4,88
Christian Braun,DEN,0.2 (75),-1.2 (93),1.4 (87),0.2,75,-1.2,93,1.4,87
Joel Embiid,PHI,0.5 (82),-0.9 (87),1.4 (87),0.5,82,-0.9,87,1.4,87
Paul Reed,DET,0.5 (81),-0.9 (87),1.4 (87),0.5,81,-0.9,87,1.4,87
Sam Hauser,BOS,1.5 (92),0.1 (49),1.4 (87),1.5,92,0.1,49,1.4,87
VJ Edgecombe,PHI,0.8 (85),-0.6 (78),1.4 (87),0.8,85,-0.6,78,1.4,87
Sam Merrill,CLE,-0.0 (70),-1.3 (93),1.3 (87),-0.0,70,-1.3,93,1.3,87
Al Horford,GSW,0.4 (79),-0.9 (86),1.3 (86),0.4,79,-0.9,86,1.3,86
De'Aaron Fox,SAS,1.1 (89),-0.2 (65),1.3 (86),1.1,89,-0.2,65,1.3,86
Cam Spencer,MEM,1.2 (89),-0.1 (59),1.3 (86),1.2,89,-0.1,59,1.3,86
Joan Beringer,MIN,0.8 (86),-0.5 (76),1.3 (86),0.8,86,-0.5,76,1.3,86
Dwight Powell,DAL,0.7 (85),-0.6 (80),1.3 (86),0.7,85,-0.6,80,1.3,86
Jalen Brunson,NYK,2.9 (98),1.7 (2),1.2 (86),2.9,98,1.7,2,1.2,86
Daniel Gafford,DAL,0.5 (82),-0.7 (82),1.2 (86),0.5,82,-0.7,82,1.2,86
Rui Hachimura,LAL,0.7 (84),-0.5 (77),1.2 (85),0.7,84,-0.5,77,1.2,85
Mouhamed Gueye,ATL,-0.0 (69),-1.2 (92),1.2 (85),-0.0,69,-1.2,92,1.2,85
Jaylen Wells,MEM,1.9 (94),0.7 (18),1.2 (85),1.9,94,0.7,18,1.2,85
Myles Turner,MIL,0.9 (88),-0.2 (67),1.1 (85),0.9,88,-0.2,67,1.1,85
Coby White,CHI,1.7 (93),0.6 (24),1.1 (85),1.7,93,0.6,24,1.1,85
Cason Wallace,OKC,-0.4 (56),-1.5 (96),1.1 (85),-0.4,56,-1.5,96,1.1,85
Austin Reaves,LAL,1.6 (92),0.5 (28),1.1 (84),1.6,92,0.5,28,1.1,84
Sandro Mamukelashvili,TOR,0.3 (77),-0.8 (83),1.1 (84),0.3,77,-0.8,83,1.1,84
Obi Toppin,IND,1.9 (94),0.8 (18),1.1 (84),1.9,94,0.8,18,1.1,84
Scottie Barnes,TOR,-0.1 (67),-1.2 (92),1.1 (84),-0.1,67,-1.2,92,1.1,84
Chris Boucher,BOS,1.2 (90),0.1 (49),1.1 (84),1.2,90,0.1,49,1.1,84
Damian Lillard,MIL,0.4 (80),-0.6 (81),1.0 (84),0.4,80,-0.6,81,1.0,84
Jaime Jaquez Jr.,MIA,0.5 (82),-0.5 (78),1.0 (84),0.5,82,-0.5,78,1.0,84
Brandon Miller,CHA,0.7 (84),-0.3 (70),1.0 (83),0.7,84,-0.3,70,1.0,83
John Collins,LAC,0.9 (87),-0.1 (61),1.0 (83),0.9,87,-0.1,61,1.0,83
Anthony Edwards,MIN,1.6 (93),0.6 (23),1.0 (83),1.6,93,0.6,23,1.0,83
Ivica Zubac,LAC,-0.3 (60),-1.3 (94),1.0 (83),-0.3,60,-1.3,94,1.0,83
Paul George,PHI,-0.1 (67),-1.1 (90),1.0 (83),-0.1,67,-1.1,90,1.0,83
Naji Marshall,DAL,0.2 (74),-0.8 (83),1.0 (83),0.2,74,-0.8,83,1.0,83
Gui Santos,GSW,-0.2 (64),-1.2 (92),1.0 (82),-0.2,64,-1.2,92,1.0,82
Elijah Harkless,UTA,0.2 (73),-0.8 (82),1.0 (82),0.2,73,-0.8,82,1.0,82
David Jones Garcia,SAS,0.7 (84),-0.3 (67),1.0 (82),0.7,84,-0.3,67,1.0,82
Ausar Thompson,DET,-0.2 (65),-1.1 (91),0.9 (82),-0.2,65,-1.1,91,0.9,82
Saddiq Bey,NOP,2.1 (95),1.2 (8),0.9 (82),2.1,95,1.2,8,0.9,82
Julius Randle,MIN,1.3 (91),0.4 (34),0.9 (82),1.3,91,0.4,34,0.9,82
Brandon Ingram,TOR,0.5 (81),-0.4 (74),0.9 (82),0.5,81,-0.4,74,0.9,82
Jaden McDaniels,MIN,0.1 (72),-0.8 (84),0.9 (81),0.1,72,-0.8,84,0.9,81
Isaiah Joe,OKC,0.7 (85),-0.2 (66),0.9 (81),0.7,85,-0.2,66,0.9,81
Bogdan Bogdanović,LAC,0.3 (78),-0.6 (79),0.9 (81),0.3,78,-0.6,79,0.9,81
Jordan Walsh,BOS,1.2 (90),0.3 (37),0.9 (81),1.2,90,0.3,37,0.9,81
Yuki Kawamura,MEM,0.7 (84),-0.2 (63),0.9 (81),0.7,84,-0.2,63,0.9,81
Mitchell Robinson,NYK,0.4 (80),-0.4 (75),0.8 (81),0.4,80,-0.4,75,0.8,81
Immanuel Quickley,TOR,0.4 (80),-0.4 (75),0.8 (80),0.4,80,-0.4,75,0.8,80
Draymond Green,GSW,-1.2 (27),-2.0 (98),0.8 (80),-1.2,27,-2.0,98,0.8,80
Desmond Bane,ORL,0.9 (87),0.1 (50),0.8 (80),0.9,87,0.1,50,0.8,80
Toumani Camara,POR,-0.2 (65),-1.0 (88),0.8 (80),-0.2,65,-1.0,88,0.8,80
Tobias Harris,DET,-0.3 (61),-1.1 (91),0.8 (80),-0.3,61,-1.1,91,0.8,80
Jaylen Brown,BOS,1.6 (93),0.8 (17),0.8 (80),1.6,93,0.8,17,0.8,80
Jabari Smith Jr.,HOU,0.2 (75),-0.6 (80),0.8 (80),0.2,75,-0.6,80,0.8,80
James Harden,LAC,1.6 (93),0.8 (16),0.8 (79),1.6,93,0.8,16,0.8,79
Anthony Davis,DAL,-0.2 (65),-1.0 (88),0.8 (79),-0.2,65,-1.0,88,0.8,79
Jordan McLaughlin,SAS,0.2 (73),-0.6 (79),0.8 (79),0.2,73,-0.6,79,0.8,79
Daishen Nix,MIN,0.6 (82),-0.2 (64),0.8 (79),0.6,82,-0.2,64,0.8,79
Donovan Clingan,POR,0.0 (69),-0.8 (83),0.8 (79),0.0,69,-0.8,83,0.8,79
Harrison Ingram,SAS,0.6 (82),-0.2 (63),0.8 (79),0.6,82,-0.2,63,0.8,79
Day'Ron Sharpe,BKN,-0.6 (48),-1.4 (95),0.8 (78),-0.6,48,-1.4,95,0.8,78
Isaac Okoro,CHI,0.7 (85),0.0 (57),0.7 (78),0.7,85,0.0,57,0.7,78
Jalen Duren,DET,1.2 (90),0.5 (28),0.7 (78),1.2,90,0.5,28,0.7,78
Zion Williamson,NOP,1.0 (88),0.3 (39),0.7 (78),1.0,88,0.3,39,0.7,78
Ja Morant,MEM,-0.2 (64),-0.9 (85),0.7 (78),-0.2,64,-0.9,85,0.7,78
Aaron Nesmith,IND,0.8 (86),0.2 (45),0.6 (78),0.8,86,0.2,45,0.6,78
Malik Beasley,DET,-0.2 (65),-0.8 (84),0.6 (78),-0.2,65,-0.8,84,0.6,78
Bam Adebayo,MIA,-0.1 (68),-0.7 (82),0.6 (77),-0.1,68,-0.7,82,0.6,77
Josh Okogie,HOU,-0.0 (70),-0.6 (80),0.6 (77),-0.0,70,-0.6,80,0.6,77
Lamar Stevens,MEM,-0.6 (46),-1.1 (90),0.5 (77),-0.6,46,-1.1,90,0.5,77
Quenton Jackson,IND,-0.6 (45),-1.1 (89),0.5 (77),-0.6,45,-1.1,89,0.5,77
Caris LeVert,DET,-0.1 (68),-0.6 (81),0.5 (77),-0.1,68,-0.6,81,0.5,77
Jrue Holiday,POR,-0.8 (40),-1.3 (94),0.5 (77),-0.8,40,-1.3,94,0.5,77
Kevin Huerter,CHI,0.4 (79),-0.1 (61),0.5 (76),0.4,79,-0.1,61,0.5,76
Nikola Jović,MIA,-0.4 (54),-0.9 (86),0.5 (76),-0.4,54,-0.9,86,0.5,76
Jared Rhoden,TOR,0.7 (85),0.2 (44),0.5 (76),0.7,85,0.2,44,0.5,76
Walker Kessler,UTA,-0.2 (64),-0.7 (81),0.5 (76),-0.2,64,-0.7,81,0.5,76
Wendell Carter Jr.,ORL,-0.7 (43),-1.1 (90),0.4 (76),-0.7,43,-1.1,90,0.4,76
Mikal Bridges,NYK,-0.5 (52),-0.9 (87),0.4 (76),-0.5,52,-0.9,87,0.4,76
Marvin Bagley III,WAS,0.2 (75),-0.2 (66),0.4 (76),0.2,75,-0.2,66,0.4,76
Nickeil Alexander-Walker,ATL,0.2 (74),-0.2 (65),0.4 (75),0.2,74,-0.2,65,0.4,75
De'Andre Hunter,CLE,1.3 (91),0.9 (13),0.4 (75),1.3,91,0.9,13,0.4,75
Julian Phillips,CHI,-0.1 (67),-0.5 (77),0.4 (75),-0.1,67,-0.5,77,0.4,75
Pelle Larsson,MIA,0.4 (78),-0.0 (54),0.4 (75),0.4,78,-0.0,54,0.4,75
Jamal Shead,TOR,0.1 (71),-0.3 (68),0.4 (75),0.1,71,-0.3,68,0.4,75
Jaylon Tyson,CLE,0.4 (78),0.0 (53),0.4 (75),0.4,78,0.0,53,0.4,75
Svi Mykhailiuk,UTA,0.6 (83),0.2 (43),0.4 (74),0.6,83,0.2,43,0.4,74
Sion James,CHA,-0.2 (62),-0.6 (78),0.4 (74),-0.2,62,-0.6,78,0.4,74
Kevin Love,UTA,1.5 (92),1.1 (10),0.4 (74),1.5,92,1.1,10,0.4,74
Tyler Herro,MIA,1.0 (89),0.7 (21),0.3 (74),1.0,89,0.7,21,0.3,74
Moses Moody,GSW,-0.6 (48),-0.9 (87),0.3 (74),-0.6,48,-0.9,87,0.3,74
Jusuf Nurkić,UTA,-1.0 (34),-1.3 (93),0.3 (74),-1.0,34,-1.3,93,0.3,74
T.J. McConnell,IND,0.2 (74),-0.1 (61),0.3 (73),0.2,74,-0.1,61,0.3,73
RJ Barrett,TOR,1.0 (88),0.7 (19),0.3 (73),1.0,88,0.7,19,0.3,73
Patrick Baldwin Jr.,LAC,0.1 (71),-0.2 (64),0.3 (73),0.1,71,-0.2,64,0.3,73
Lonzo Ball,CLE,-1.2 (25),-1.5 (95),0.3 (73),-1.2,25,-1.5,95,0.3,73
Liam McNeeley,CHA,-0.1 (66),-0.4 (72),0.3 (73),-0.1,66,-0.4,72,0.3,73
Josh Hart,NYK,0.3 (78),-0.0 (57),0.3 (73),0.3,78,-0.0,57,0.3,73
Danté Exum,DAL,0.0 (70),-0.3 (71),0.3 (73),0.0,70,-0.3,71,0.3,73
Adama Sanogo,CHI,0.3 (77),-0.0 (54),0.3 (72),0.3,77,-0.0,54,0.3,72
Kam Jones,IND,0.3 (76),0.0 (51),0.3 (72),0.3,76,0.0,51,0.3,72
Keon Ellis,SAC,-0.4 (55),-0.7 (82),0.3 (72),-0.4,55,-0.7,82,0.3,72
Jalen Pickett,DEN,-0.6 (47),-0.8 (83),0.2 (72),-0.6,47,-0.8,83,0.2,72
Nicolas Batum,LAC,-0.3 (61),-0.5 (78),0.2 (72),-0.3,61,-0.5,78,0.2,72
David Duke Jr.,SAS,0.2 (73),0.0 (54),0.2 (72),0.2,73,0.0,54,0.2,72
Alex Reese,PHI,0.4 (78),0.2 (41),0.2 (71),0.4,78,0.2,41,0.2,71
Isaiah Crawford,HOU,0.1 (71),-0.1 (59),0.2 (71),0.1,71,-0.1,59,0.2,71
Devin Carter,SAC,-0.3 (58),-0.5 (76),0.2 (71),-0.3,58,-0.5,76,0.2,71
Myron Gardner,MIA,-0.3 (57),-0.5 (76),0.2 (71),-0.3,57,-0.5,76,0.2,71
Dylan Cardwell,SAC,-0.3 (57),-0.5 (75),0.2 (71),-0.3,57,-0.5,75,0.2,71
N'Faly Dante,ATL,0.3 (76),0.1 (46),0.2 (71),0.3,76,0.1,46,0.2,71
Kevon Looney,NOP,-0.4 (56),-0.6 (80),0.2 (71),-0.4,56,-0.6,80,0.2,71
Michael Porter Jr.,BKN,1.4 (91),1.2 (9),0.2 (70),1.4,91,1.2,9,0.2,70
Jonathan Isaac,ORL,-1.7 (14),-1.9 (97),0.2 (70),-1.7,14,-1.9,97,0.2,70
Jared McCain,PHI,-0.4 (54),-0.6 (78),0.2 (70),-0.4,54,-0.6,78,0.2,70
Cam Christie,LAC,-1.0 (32),-1.2 (91),0.2 (70),-1.0,32,-1.2,91,0.2,70
Bones Hyland,MIN,-0.7 (44),-0.8 (84),0.1 (70),-0.7,44,-0.8,84,0.1,70
Trae Young,ATL,2.2 (96),2.1 (1),0.1 (70),2.2,96,2.1,1,0.1,70
Kevin Knox II,GSW,0.4 (79),0.3 (38),0.1 (69),0.4,79,0.3,38,0.1,69
Terry Taylor,SAC,-0.3 (59),-0.4 (73),0.1 (69),-0.3,59,-0.4,73,0.1,69
Malcolm Brogdon,WAS,0.1 (72),-0.0 (56),0.1 (69),0.1,72,-0.0,56,0.1,69
Tre Jones,CHI,0.1 (71),0.0 (55),0.1 (69),0.1,71,0.0,55,0.1,69
Cole Swider,TOR,-0.1 (67),-0.2 (64),0.1 (69),-0.1,67,-0.2,64,0.1,69
Josh Minott,BOS,-0.0 (70),-0.1 (60),0.1 (69),-0.0,70,-0.1,60,0.1,69
Jazian Gortman,DAL,0.0 (69),-0.1 (59),0.1 (69),0.0,69,-0.1,59,0.1,69
Asa Newell,ATL,0.1 (71),-0.0 (52),0.1 (68),0.1,71,-0.0,52,0.1,68
Isaiah Stewart,DET,-0.5 (52),-0.6 (80),0.1 (68),-0.5,52,-0.6,80,0.1,68
Joe Ingles,MIN,0.5 (80),0.4 (33),0.1 (68),0.5,80,0.4,33,0.1,68
Leonard Miller,MIN,-0.2 (64),-0.3 (69),0.1 (68),-0.2,64,-0.3,69,0.1,68
Oscar Tshiebwe,UTA,0.3 (77),0.2 (42),0.1 (68),0.3,77,0.2,42,0.1,68
Tyler Smith,MIL,-0.2 (63),-0.3 (68),0.1 (68),-0.2,63,-0.3,68,0.1,68
Egor Dëmin,BKN,-0.8 (38),-0.9 (85),0.1 (67),-0.8,38,-0.9,85,0.1,67
Harrison Barnes,SAS,1.4 (91),1.3 (7),0.1 (67),1.4,91,1.3,7,0.1,67
Landry Shamet,NYK,-0.3 (62),-0.3 (71),0.0 (67),-0.3,62,-0.3,71,0.0,67
Jabari Walker,PHI,0.1 (72),0.1 (49),0.0 (67),0.1,72,0.1,49,0.0,67
Jonas Valančiūnas,DEN,0.6 (83),0.6 (24),0.0 (67),0.6,83,0.6,24,0.0,67
Malik Monk,SAC,0.7 (84),0.7 (20),0.0 (67),0.7,84,0.7,20,0.0,67
Jalen Johnson,ATL,-1.1 (29),-1.1 (90),0.0 (67),-1.1,29,-1.1,90,0.0,67
Dominick Barlow,PHI,0.0 (70),0.0 (55),0.0 (66),0.0,70,0.0,55,0.0,66
Jakob Poeltl,TOR,-0.4 (55),-0.4 (74),0.0 (66),-0.4,55,-0.4,74,0.0,66
Gabe Vincent,LAL,-0.3 (59),-0.3 (69),0.0 (66),-0.3,59,-0.3,69,0.0,66
Jarred Vanderbilt,LAL,-0.4 (54),-0.4 (73),0.0 (66),-0.4,54,-0.4,73,0.0,66
Pete Nance,MIL,-0.6 (45),-0.6 (79),0.0 (66),-0.6,45,-0.6,79,0.0,66
Guerschon Yabusele,NYK,0.9 (86),0.9 (13),0.0 (66),0.9,86,0.9,13,0.0,66
Tyler Kolek,NYK,-0.9 (36),-0.9 (85),0.0 (65),-0.9,36,-0.9,85,0.0,65
Reed Sheppard,HOU,0.2 (73),0.2 (42),0.0 (65),0.2,73,0.2,42,0.0,65
Cui Yongxi,BKN,0.0 (68),-0.0 (53),0.0 (65),0.0,68,-0.0,53,0.0,65
Tolu Smith,DET,-0.4 (53),-0.4 (72),0.0 (65),-0.4,53,-0.4,72,0.0,65
Christian Koloko,ATL,-1.2 (25),-1.1 (89),-0.1 (65),-1.2,25,-1.1,89,-0.1,65
Luguentz Dort,OKC,-0.3 (61),-0.2 (67),-0.1 (65),-0.3,61,-0.2,67,-0.1,65
Cody Zeller,ATL,-0.3 (60),-0.2 (66),-0.1 (65),-0.3,60,-0.2,66,-0.1,65
Domantas Sabonis,SAC,0.2 (74),0.3 (38),-0.1 (64),0.2,74,0.3,38,-0.1,64
Keegan Murray,SAC,-1.0 (34),-0.9 (86),-0.1 (64),-1.0,34,-0.9,86,-0.1,64
Moritz Wagner,ORL,0.2 (74),0.3 (38),-0.1 (64),0.2,74,0.3,38,-0.1,64
Markelle Fultz,SAC,-0.5 (50),-0.4 (73),-0.1 (64),-0.5,50,-0.4,73,-0.1,64
Mason Plumlee,CHA,0.6 (82),0.7 (19),-0.1 (64),0.6,82,0.7,19,-0.1,64
Drew Peterson,CHA,-0.3 (59),-0.2 (63),-0.1 (64),-0.3,59,-0.2,63,-0.1,64
Jaylen Clark,MIN,-0.9 (35),-0.8 (83),-0.1 (63),-0.9,35,-0.8,83,-0.1,63
Daeqwon Plowden,ATL,-0.5 (49),-0.4 (72),-0.1 (63),-0.5,49,-0.4,72,-0.1,63
Donte DiVincenzo,MIN,0.1 (72),0.2 (44),-0.1 (63),0.1,72,0.2,44,-0.1,63
Richaun Holmes,WAS,-0.1 (67),-0.0 (55),-0.1 (63),-0.1,67,-0.0,55,-0.1,63
Riley Minix,SAS,-0.1 (66),-0.0 (52),-0.1 (63),-0.1,66,-0.0,52,-0.1,63
Jackson Rowe,GSW,-0.2 (63),-0.1 (58),-0.1 (63),-0.2,63,-0.1,58,-0.1,63
Yanic Konan Niederhäuser,LAC,-0.0 (68),0.1 (45),-0.1 (63),-0.0,68,0.1,45,-0.1,63
Mark Sears,MIL,-0.0 (68),0.1 (45),-0.1 (62),-0.0,68,0.1,45,-0.1,62
Max Strus,CLE,-0.4 (57),-0.3 (71),-0.1 (62),-0.4,57,-0.3,71,-0.1,62
Kris Dunn,LAC,-0.4 (55),-0.3 (69),-0.1 (62),-0.4,55,-0.3,69,-0.1,62
Cory Joseph,ORL,0.3 (77),0.4 (33),-0.1 (62),0.3,77,0.4,33,-0.1,62
Ryan Rollins,MIL,-0.6 (48),-0.4 (75),-0.2 (62),-0.6,48,-0.4,75,-0.2,62
Matisse Thybulle,POR,-1.2 (26),-1.0 (89),-0.2 (62),-1.2,26,-1.0,89,-0.2,62
CJ McCollum,ATL,1.2 (90),1.4 (5),-0.2 (61),1.2,90,1.4,5,-0.2,61
Scotty Pippen Jr.,MEM,-0.7 (42),-0.5 (77),-0.2 (61),-0.7,42,-0.5,77,-0.2,61
Javonte Green,DET,-1.4 (19),-1.2 (92),-0.2 (61),-1.4,19,-1.2,92,-0.2,61
Nate Williams,HOU,0.2 (73),0.4 (32),-0.2 (61),0.2,73,0.4,32,-0.2,61
E.J. Liddell,BKN,-0.1 (66),0.1 (48),-0.2 (61),-0.1,66,0.1,48,-0.2,61
Branden Carlson,OKC,0.0 (69),0.2 (41),-0.2 (61),0.0,69,0.2,41,-0.2,61
Phillip Wheeler,PHI,-0.2 (63),0.0 (52),-0.2 (60),-0.2,63,0.0,52,-0.2,60
Ryan Nembhard,DAL,0.2 (73),0.4 (30),-0.2 (60),0.2,73,0.4,30,-0.2,60
Luke Kennard,ATL,0.9 (87),1.1 (11),-0.2 (60),0.9,87,1.1,11,-0.2,60
Jake LaRavia,LAL,0.9 (87),1.1 (10),-0.2 (60),0.9,87,1.1,10,-0.2,60
Collin Murray-Boyles,TOR,-1.1 (27),-0.9 (85),-0.2 (60),-1.1,27,-0.9,85,-0.2,60
Aaron Holiday,HOU,-1.2 (26),-0.9 (86),-0.3 (60),-1.2,26,-0.9,86,-0.3,60
Jose Alvarado,NOP,-0.7 (43),-0.4 (73),-0.3 (60),-0.7,43,-0.4,73,-0.3,60
Ryan Dunn,PHX,-0.7 (42),-0.4 (72),-0.3 (59),-0.7,42,-0.4,72,-0.3,59
Duncan Robinson,DET,0.2 (76),0.5 (29),-0.3 (59),0.2,76,0.5,29,-0.3,59
Robert Williams III,POR,-0.6 (47),-0.3 (70),-0.3 (59),-0.6,47,-0.3,70,-0.3,59
Kristaps Porziņģis,ATL,-0.6 (47),-0.3 (70),-0.3 (59),-0.6,47,-0.3,70,-0.3,59
Oshae Brissett,PHI,-0.3 (61),0.0 (56),-0.3 (59),-0.3,61,0.0,56,-0.3,59
Talen Horton-Tucker,CHI,0.3 (78),0.6 (23),-0.3 (59),0.3,78,0.6,23,-0.3,59
Bol Bol,PHX,-0.3 (59),-0.0 (54),-0.3 (58),-0.3,59,-0.0,54,-0.3,58
Ulrich Chomche,TOR,0.2 (73),0.5 (26),-0.3 (58),0.2,73,0.5,26,-0.3,58
Keshad Johnson,MIA,-0.6 (45),-0.3 (67),-0.3 (58),-0.6,45,-0.3,67,-0.3,58
Brook Lopez,LAC,-1.1 (30),-0.8 (85),-0.3 (58),-1.1,30,-0.8,85,-0.3,58
Haywood Highsmith,MIA,-0.9 (37),-0.6 (81),-0.3 (58),-0.9,37,-0.6,81,-0.3,58
Jalen Williams,OKC,-0.2 (65),0.1 (50),-0.3 (58),-0.2,65,0.1,50,-0.3,58
Quinten Post,GSW,-0.8 (39),-0.5 (76),-0.3 (58),-0.8,39,-0.5,76,-0.3,58
Curtis Jones,DEN,-0.4 (53),-0.1 (57),-0.3 (57),-0.4,53,-0.1,57,-0.3,57
Ousmane Dieng,OKC,-1.2 (26),-0.8 (84),-0.4 (57),-1.2,26,-0.8,84,-0.4,57
Jae'Sean Tate,HOU,-1.5 (18),-1.1 (91),-0.4 (57),-1.5,18,-1.1,91,-0.4,57
Khris Middleton,WAS,0.2 (76),0.6 (25),-0.4 (57),0.2,76,0.6,25,-0.4,57
Cameron Payne,NYK,-0.7 (44),-0.3 (71),-0.4 (57),-0.7,44,-0.3,71,-0.4,57
Maxi Kleber,LAL,-0.7 (42),-0.3 (69),-0.4 (57),-0.7,42,-0.3,69,-0.4,57
Josh Giddey,CHI,0.6 (83),1.0 (12),-0.4 (56),0.6,83,1.0,12,-0.4,56
Jonathan Kuminga,GSW,-0.4 (56),-0.0 (56),-0.4 (56),-0.4,56,-0.0,56,-0.4,56
Gary Payton II,GSW,-0.4 (56),-0.0 (56),-0.4 (56),-0.4,56,-0.0,56,-0.4,56
Grant Williams,CHA,-0.3 (61),0.1 (50),-0.4 (56),-0.3,61,0.1,50,-0.4,56
Shaedon Sharpe,POR,-0.3 (61),0.1 (50),-0.4 (56),-0.3,61,0.1,50,-0.4,56
Mark Williams,PHX,-0.5 (52),-0.1 (61),-0.4 (56),-0.5,52,-0.1,61,-0.4,56
Mike Conley,MIN,-0.3 (60),0.1 (49),-0.4 (56),-0.3,60,0.1,49,-0.4,56
Grayson Allen,PHX,0.5 (81),0.9 (14),-0.4 (55),0.5,81,0.9,14,-0.4,55
Micah Potter,IND,0.0 (69),0.4 (31),-0.4 (55),0.0,69,0.4,31,-0.4,55
Pacome Dadiet,NYK,-0.0 (69),0.4 (31),-0.4 (55),-0.0,69,0.4,31,-0.4,55
Stephon Castle,SAS,-0.5 (49),-0.1 (59),-0.4 (55),-0.5,49,-0.1,59,-0.4,55
Spencer Jones,DEN,-0.4 (54),-0.0 (52),-0.4 (55),-0.4,54,-0.0,52,-0.4,55
PJ Hall,CHA,-0.8 (39),-0.4 (72),-0.4 (55),-0.8,39,-0.4,72,-0.4,55
Trentyn Flowers,CHI,-0.4 (54),-0.0 (52),-0.4 (54),-0.4,54,-0.0,52,-0.4,54
Zyon Pullin,MEM,-0.3 (58),0.1 (46),-0.4 (54),-0.3,58,0.1,46,-0.4,54
Isaiah Stevens,MIA,-0.5 (49),-0.1 (58),-0.4 (54),-0.5,49,-0.1,58,-0.4,54
Chaz Lanier,DET,-0.2 (62),0.2 (41),-0.4 (54),-0.2,62,0.2,41,-0.4,54
Chris Mañon,LAL,-0.4 (53),-0.0 (51),-0.4 (54),-0.4,53,-0.0,51,-0.4,54
Vladislav Goldin,MIA,-0.3 (57),0.1 (45),-0.4 (54),-0.3,57,0.1,45,-0.4,54
LJ Cryer,GSW,-0.4 (52),-0.0 (51),-0.4 (54),-0.4,52,-0.0,51,-0.4,54
Jevon Carter,CHI,-0.4 (56),0.1 (50),-0.5 (53),-0.4,56,0.1,50,-0.5,53
Derrick Jones Jr.,LAC,-0.8 (41),-0.3 (71),-0.5 (53),-0.8,41,-0.3,71,-0.5,53
Jalen Green,PHX,0.3 (78),0.8 (17),-0.5 (53),0.3,78,0.8,17,-0.5,53
Collin Sexton,CHA,0.7 (84),1.2 (8),-0.5 (53),0.7,84,1.2,8,-0.5,53
Clint Capela,HOU,-1.5 (18),-1.0 (88),-0.5 (53),-1.5,18,-1.0,88,-0.5,53
Trey Lyles,SAC,-0.5 (50),0.0 (55),-0.5 (53),-0.5,50,0.0,55,-0.5,53
Seth Lundy,ATL,-0.3 (59),0.2 (42),-0.5 (52),-0.3,59,0.2,42,-0.5,52
Jalen Bridges,PHX,-0.5 (49),0.0 (53),-0.5 (52),-0.5,49,0.0,53,-0.5,52
Yuri Collins,GSW,-0.4 (54),0.1 (46),-0.5 (52),-0.4,54,0.1,46,-0.5,52
Jaren Jackson Jr.,MEM,-1.7 (14),-1.1 (91),-0.6 (52),-1.7,14,-1.1,91,-0.6,52
Cedric Coward,MEM,-1.7 (12),-1.1 (89),-0.6 (52),-1.7,12,-1.1,89,-0.6,52
Nikola Vučević,CHI,0.1 (72),0.7 (21),-0.6 (52),0.1,72,0.7,21,-0.6,52
Trendon Watford,PHI,-0.6 (47),-0.0 (55),-0.6 (52),-0.6,47,-0.0,55,-0.6,52
Jock Landale,MEM,0.6 (83),1.2 (8),-0.6 (51),0.6,83,1.2,8,-0.6,51
Ron Harper Jr.,BOS,-0.5 (50),0.1 (48),-0.6 (51),-0.5,50,0.1,48,-0.6,51
D.J. Carton,TOR,-0.5 (50),0.1 (47),-0.6 (51),-0.5,50,0.1,47,-0.6,51
Johnny Furphy,IND,-0.5 (50),0.1 (47),-0.6 (51),-0.5,50,0.1,47,-0.6,51
Tristen Newton,MIN,-0.5 (49),0.1 (47),-0.6 (51),-0.5,49,0.1,47,-0.6,51
Anton Watson,NYK,-0.3 (58),0.3 (35),-0.6 (51),-0.3,58,0.3,35,-0.6,51
Kobe Sanders,LAC,-0.3 (57),0.3 (34),-0.6 (50),-0.3,57,0.3,34,-0.6,50
Kasparas Jakučionis,MIA,0.1 (71),0.7 (18),-0.6 (50),0.1,71,0.7,18,-0.6,50
Peyton Watson,DEN,-0.4 (56),0.2 (44),-0.6 (50),-0.4,56,0.2,44,-0.6,50
Devin Vassell,SAS,0.2 (75),0.8 (16),-0.6 (50),0.2,75,0.8,16,-0.6,50
Dru Smith,MIA,-2.5 (3),-1.9 (97),-0.6 (50),-2.5,3,-1.9,97,-0.6,50
Isaiah Jackson,IND,-0.4 (55),0.2 (43),-0.6 (50),-0.4,55,0.2,43,-0.6,50
Isaiah Livers,PHX,-0.2 (64),0.4 (32),-0.6 (50),-0.2,64,0.4,32,-0.6,50
Josh Christopher,MIA,-0.4 (54),0.2 (41),-0.6 (49),-0.4,54,0.2,41,-0.6,49
Jesse Edwards,MIN,-0.4 (53),0.2 (41),-0.6 (49),-0.4,53,0.2,41,-0.6,49
Adou Thiero,LAL,-0.2 (62),0.4 (30),-0.6 (49),-0.2,62,0.4,30,-0.6,49
Noah Penda,ORL,-0.4 (53),0.2 (40),-0.6 (49),-0.4,53,0.2,40,-0.6,49
Ethan Thompson,IND,-0.4 (53),0.2 (39),-0.6 (49),-0.4,53,0.2,39,-0.6,49
Delon Wright,NYK,-1.7 (15),-1.0 (89),-0.7 (49),-1.7,15,-1.0,89,-0.7,49
Ben Simmons,LAC,-0.6 (48),0.1 (50),-0.7 (48),-0.6,48,0.1,50,-0.7,48
John Konchar,MEM,-1.9 (10),-1.2 (93),-0.7 (48),-1.9,10,-1.2,93,-0.7,48
Simone Fontecchio,MIA,-1.0 (34),-0.3 (70),-0.7 (48),-1.0,34,-0.3,70,-0.7,48
KJ Martin,UTA,-0.3 (60),0.4 (33),-0.7 (48),-0.3,60,0.4,33,-0.7,48
Chris Livingston,CLE,-1.0 (32),-0.3 (68),-0.7 (48),-1.0,32,-0.3,68,-0.7,48
A.J. Lawson,TOR,-0.0 (69),0.7 (19),-0.7 (48),-0.0,69,0.7,19,-0.7,48
Alondes Williams,DET,-0.6 (45),0.1 (48),-0.7 (47),-0.6,45,0.1,48,-0.7,47
PJ Dozier,MIN,-0.7 (41),0.0 (52),-0.7 (47),-0.7,41,0.0,52,-0.7,47
Nae'Qwan Tomlin,CLE,-0.9 (35),-0.2 (63),-0.7 (47),-0.9,35,-0.2,63,-0.7,47
Jahmir Young,MIA,-0.2 (63),0.5 (26),-0.7 (47),-0.2,63,0.5,26,-0.7,47
Terence Davis,SAC,-0.6 (45),0.1 (46),-0.7 (47),-0.6,45,0.1,46,-0.7,47
DaRon Holmes II,DEN,-0.3 (58),0.4 (30),-0.7 (47),-0.3,58,0.4,30,-0.7,47
Jamir Watkins,WAS,-1.2 (24),-0.5 (76),-0.7 (47),-1.2,24,-0.5,76,-0.7,47
Javon Small,MEM,-0.3 (57),0.4 (30),-0.7 (46),-0.3,57,0.4,30,-0.7,46
Ochai Agbaji,TOR,-1.3 (22),-0.6 (80),-0.7 (46),-1.3,22,-0.6,80,-0.7,46
Santi Aldama,MEM,0.4 (79),1.1 (10),-0.7 (46),0.4,79,1.1,10,-0.7,46
Chris Youngblood,OKC,-0.8 (38),-0.1 (58),-0.7 (46),-0.8,38,-0.1,58,-0.7,46
Will Richard,GSW,-1.3 (21),-0.6 (78),-0.7 (46),-1.3,21,-0.6,78,-0.7,46
Moussa Cisse,DAL,-0.8 (38),-0.1 (58),-0.7 (46),-0.8,38,-0.1,58,-0.7,46
DeMar DeRozan,SAC,0.6 (83),1.4 (6),-0.8 (45),0.6,83,1.4,6,-0.8,45
Kris Murray,POR,-1.7 (13),-0.9 (86),-0.8 (45),-1.7,13,-0.9,86,-0.8,45
Scoot Henderson,POR,0.6 (83),1.4 (5),-0.8 (45),0.6,83,1.4,5,-0.8,45
Kevin Porter Jr.,MIL,-1.4 (19),-0.6 (78),-0.8 (45),-1.4,19,-0.6,78,-0.8,45
Andrew Nembhard,IND,-0.9 (37),-0.1 (62),-0.8 (45),-0.9,37,-0.1,62,-0.8,45
Cam Thomas,BKN,1.3 (91),2.1 (2),-0.8 (45),1.3,91,2.1,2,-0.8,45
JT Thor,WAS,-1.0 (34),-0.2 (66),-0.8 (45),-1.0,34,-0.2,66,-0.8,45
Eric Gordon,PHI,-0.5 (51),0.3 (39),-0.8 (44),-0.5,51,0.3,39,-0.8,44
Jamaree Bouyea,PHX,-1.1 (29),-0.3 (69),-0.8 (44),-1.1,29,-0.3,69,-0.8,44
Gary Harris,MIL,-0.9 (37),-0.1 (60),-0.8 (44),-0.9,37,-0.1,60,-0.8,44
Daniel Theis,NOP,-0.4 (55),0.4 (32),-0.8 (44),-0.4,55,0.4,32,-0.8,44
Braxton Key,GSW,-0.8 (40),0.0 (54),-0.8 (44),-0.8,40,0.0,54,-0.8,44
Jordan Miller,LAC,-0.6 (46),0.2 (43),-0.8 (44),-0.6,46,0.2,43,-0.8,44
Lester Quinones,NOP,-0.6 (46),0.2 (43),-0.8 (43),-0.6,46,0.2,43,-0.8,43
Brandon Williams,DAL,-0.3 (58),0.5 (26),-0.8 (43),-0.3,58,0.5,26,-0.8,43
Trey Alexander,NOP,-0.9 (36),-0.1 (59),-0.8 (43),-0.9,36,-0.1,59,-0.8,43
Skal Labissiere,SAC,-0.6 (45),0.2 (41),-0.8 (43),-0.6,45,0.2,41,-0.8,43
Emanuel Miller,CHI,-0.5 (49),0.3 (35),-0.8 (43),-0.5,49,0.3,35,-0.8,43
Koby Brea,PHX,-0.6 (44),0.2 (40),-0.8 (43),-0.6,44,0.2,40,-0.8,43
P.J. Washington,DAL,-1.4 (20),-0.5 (77),-0.9 (43),-1.4,20,-0.5,77,-0.9,43
LeBron James,LAL,-0.2 (65),0.7 (20),-0.9 (42),-0.2,65,0.7,20,-0.9,42
Sidy Cissoko,POR,-2.0 (8),-1.1 (90),-0.9 (42),-2.0,8,-1.1,90,-0.9,42
Noah Clowney,BKN,-0.3 (59),0.6 (22),-0.9 (42),-0.3,59,0.6,22,-0.9,42
Quincy Olivari,LAL,-0.6 (45),0.3 (36),-0.9 (42),-0.6,45,0.3,36,-0.9,42
Hunter Dickinson,NOP,-0.7 (41),0.2 (40),-0.9 (42),-0.7,41,0.2,40,-0.9,42
Royce O'Neale,PHX,-0.9 (37),-0.0 (56),-0.9 (42),-0.9,37,-0.0,56,-0.9,42
Jaden Springer,UTA,-0.8 (40),0.1 (49),-0.9 (41),-0.8,40,0.1,49,-0.9,41
Blake Wesley,POR,-0.5 (50),0.4 (32),-0.9 (41),-0.5,50,0.4,32,-0.9,41
Adem Bona,PHI,-1.0 (32),-0.1 (60),-0.9 (41),-1.0,32,-0.1,60,-0.9,41
Kyle Filipowski,UTA,-0.1 (66),0.8 (15),-0.9 (41),-0.1,66,0.8,15,-0.9,41
Kai Jones,DAL,-0.8 (39),0.1 (47),-0.9 (41),-0.8,39,0.1,47,-0.9,41
Alex Ducas,OKC,-0.8 (39),0.1 (47),-0.9 (41),-0.8,39,0.1,47,-0.9,41
Sharife Cooper,WAS,-0.8 (38),0.1 (45),-0.9 (41),-0.8,38,0.1,45,-0.9,41
Jahmyl Telfort,LAC,-1.0 (31),-0.1 (57),-0.9 (40),-1.0,31,-0.1,57,-0.9,40
Zach Collins,CHI,-1.1 (30),-0.2 (65),-0.9 (40),-1.1,30,-0.2,65,-0.9,40
Thanasis Antetokounmpo,MIL,-1.1 (29),-0.2 (65),-0.9 (40),-1.1,29,-0.2,65,-0.9,40
Jacob Toppin,ATL,-1.1 (28),-0.2 (64),-0.9 (40),-1.1,28,-0.2,64,-0.9,40
Justin Champagnie,WAS,0.7 (84),1.6 (2),-0.9 (40),0.7,84,1.6,2,-0.9,40
Darius Garland,CLE,0.7 (85),1.7 (2),-1.0 (40),0.7,85,1.7,2,-1.0,40
Bobby Portis,MIL,-0.3 (62),0.7 (21),-1.0 (39),-0.3,62,0.7,21,-1.0,39
Dario Šarić,SAC,-1.0 (34),0.0 (56),-1.0 (39),-1.0,34,0.0,56,-1.0,39
Cole Anthony,MIL,-1.2 (26),-0.2 (65),-1.0 (39),-1.2,26,-0.2,65,-1.0,39
Caleb Houstan,ATL,-0.7 (43),0.3 (37),-1.0 (39),-0.7,43,0.3,37,-1.0,39
Max Christie,DAL,-0.5 (51),0.5 (27),-1.0 (39),-0.5,51,0.5,27,-1.0,39
Craig Porter Jr.,CLE,-0.1 (67),0.9 (13),-1.0 (39),-0.1,67,0.9,13,-1.0,39
Colby Jones,DET,-0.7 (43),0.3 (37),-1.0 (39),-0.7,43,0.3,37,-1.0,39
Adam Flagler,OKC,-1.5 (17),-0.5 (76),-1.0 (38),-1.5,17,-0.5,76,-1.0,38
Mason Jones,SAC,-0.9 (36),0.1 (47),-1.0 (38),-0.9,36,0.1,47,-1.0,38
Isaiah Wong,CHA,-1.6 (16),-0.6 (79),-1.0 (38),-1.6,16,-0.6,79,-1.0,38
Matas Buzelis,CHI,-1.1 (28),-0.1 (60),-1.0 (38),-1.1,28,-0.1,60,-1.0,38
Liam Robbins,MIL,-1.3 (21),-0.3 (67),-1.0 (38),-1.3,21,-0.3,67,-1.0,38
Micah Peavy,NOP,-1.0 (31),-0.0 (51),-1.0 (38),-1.0,31,-0.0,51,-1.0,38
Jase Richardson,ORL,-0.5 (48),0.5 (25),-1.0 (37),-0.5,48,0.5,25,-1.0,37
Christian Wood,LAL,-1.4 (20),-0.3 (70),-1.1 (37),-1.4,20,-0.3,70,-1.1,37
Rasheer Fleming,PHX,-1.2 (24),-0.1 (58),-1.1 (37),-1.2,24,-0.1,58,-1.1,37
MarJon Beauchamp,NYK,-1.3 (23),-0.2 (67),-1.1 (37),-1.3,23,-0.2,67,-1.1,37
Tim Hardaway Jr.,DEN,0.2 (75),1.3 (7),-1.1 (37),0.2,75,1.3,7,-1.1,37
Josh Green,CHA,-0.7 (44),0.4 (33),-1.1 (37),-0.7,44,0.4,33,-1.1,37
Matt Ryan,NYK,-1.7 (14),-0.6 (80),-1.1 (36),-1.7,14,-0.6,80,-1.1,36
Keldon Johnson,SAS,-0.5 (51),0.6 (23),-1.1 (36),-0.5,51,0.6,23,-1.1,36
Jaxson Hayes,LAL,-1.3 (22),-0.2 (65),-1.1 (36),-1.3,22,-0.2,65,-1.1,36
Anthony Black,ORL,-1.3 (22),-0.2 (65),-1.1 (36),-1.3,22,-0.2,65,-1.1,36
Chuma Okeke,CLE,-0.7 (43),0.4 (33),-1.1 (36),-0.7,43,0.4,33,-1.1,36
Mac McClung,IND,-0.7 (41),0.4 (31),-1.1 (36),-0.7,41,0.4,31,-1.1,36
Miles Norris,BOS,-1.0 (32),0.1 (46),-1.1 (36),-1.0,32,0.1,46,-1.1,36
Khaman Maluach,PHX,-1.0 (32),0.1 (46),-1.1 (35),-1.0,32,0.1,46,-1.1,35
Nique Clifford,SAC,-0.8 (38),0.3 (35),-1.1 (35),-0.8,38,0.3,35,-1.1,35
Alijah Martin,TOR,-0.8 (38),0.3 (34),-1.1 (35),-0.8,38,0.3,34,-1.1,35
Alec Burks,MIA,-0.7 (44),0.5 (28),-1.2 (35),-0.7,44,0.5,28,-1.2,35
Justin Minaya,POR,-1.3 (22),-0.1 (61),-1.2 (35),-1.3,22,-0.1,61,-1.2,35
Trayce Jackson-Davis,GSW,-0.7 (43),0.5 (27),-1.2 (35),-0.7,43,0.5,27,-1.2,35
TyTy Washington Jr.,LAC,-0.9 (36),0.3 (37),-1.2 (34),-0.9,36,0.3,37,-1.2,34
Ricky Council IV,PHI,-0.2 (63),1.0 (12),-1.2 (34),-0.2,63,1.0,12,-1.2,34
Pat Spencer,GSW,-1.4 (19),-0.2 (63),-1.2 (34),-1.4,19,-0.2,63,-1.2,34
Baylor Scheierman,BOS,-1.5 (16),-0.3 (67),-1.2 (34),-1.5,16,-0.3,67,-1.2,34
Tyson Etienne,BKN,-0.7 (41),0.5 (26),-1.2 (34),-0.7,41,0.5,26,-1.2,34
Taelon Peter,IND,-1.4 (19),-0.2 (62),-1.2 (34),-1.4,19,-0.2,62,-1.2,34
Walter Clayton Jr.,UTA,0.3 (76),1.5 (4),-1.2 (34),0.3,76,1.5,4,-1.2,34
Hunter Sallis,PHI,-1.0 (31),0.2 (40),-1.2 (33),-1.0,31,0.2,40,-1.2,33
Noa Essengue,CHI,-0.9 (35),0.3 (34),-1.2 (33),-0.9,35,0.3,34,-1.2,33
Lachlan Olbrich,CHI,-1.3 (21),-0.1 (57),-1.2 (33),-1.3,21,-0.1,57,-1.2,33
Chucky Hepburn,TOR,-1.0 (31),0.2 (39),-1.2 (33),-1.0,31,0.2,39,-1.2,33
Anthony Gill,WAS,-1.6 (16),-0.4 (74),-1.2 (33),-1.6,16,-0.4,74,-1.2,33
James Johnson,IND,-1.1 (28),0.1 (48),-1.2 (33),-1.1,28,0.1,48,-1.2,33
Cody Martin,IND,-2.2 (6),-1.0 (88),-1.2 (32),-2.2,6,-1.0,88,-1.2,32
Dillon Brooks,PHX,-1.7 (14),-0.4 (74),-1.3 (32),-1.7,14,-0.4,74,-1.3,32
Taurean Prince,MIL,-0.6 (47),0.7 (20),-1.3 (32),-0.6,47,0.7,20,-1.3,32
Dariq Whitehead,BKN,-0.7 (42),0.6 (23),-1.3 (32),-0.7,42,0.6,23,-1.3,32
Georges Niang,ATL,-0.1 (68),1.2 (9),-1.3 (32),-0.1,68,1.2,9,-1.3,32
Zach LaVine,SAC,0.0 (70),1.3 (7),-1.3 (32),0.0,70,1.3,7,-1.3,32
Spencer Dinwiddie,DAL,-0.2 (65),1.1 (11),-1.3 (32),-0.2,65,1.1,11,-1.3,32
Killian Hayes,BKN,-0.5 (52),0.8 (17),-1.3 (31),-0.5,52,0.8,17,-1.3,31
Marcus Sasser,DET,-1.0 (34),0.3 (39),-1.3 (31),-1.0,34,0.3,39,-1.3,31
Kelly Olynyk,SAS,-0.8 (40),0.5 (28),-1.3 (31),-0.8,40,0.5,28,-1.3,31
Chris Duarte,CHI,-1.1 (29),0.2 (43),-1.3 (31),-1.1,29,0.2,43,-1.3,31
Lindy Waters III,SAS,-1.0 (33),0.3 (38),-1.3 (31),-1.0,33,0.3,38,-1.3,31
Garrison Mathews,IND,-1.0 (33),0.3 (38),-1.3 (31),-1.0,33,0.3,38,-1.3,31
Miles Bridges,CHA,-0.4 (55),0.9 (13),-1.3 (30),-0.4,55,0.9,13,-1.3,30
Vít Krejčí,ATL,-1.1 (28),0.2 (42),-1.3 (30),-1.1,28,0.2,42,-1.3,30
Enrique Freeman,IND,-0.8 (39),0.5 (26),-1.3 (30),-0.8,39,0.5,26,-1.3,30
Antonio Reeves,CHA,-0.3 (58),1.0 (11),-1.3 (30),-0.3,58,1.0,11,-1.3,30
Bobi Klintman,DET,-1.0 (32),0.3 (36),-1.3 (30),-1.0,32,0.3,36,-1.3,30
Tony Bradley,IND,-1.0 (32),0.3 (36),-1.3 (30),-1.0,32,0.3,36,-1.3,30
Jaylen Sims,CHA,-0.8 (39),0.5 (25),-1.3 (30),-0.8,39,0.5,25,-1.3,30
Miles Kelly,DAL,-1.3 (21),0.0 (51),-1.3 (29),-1.3,21,0.0,51,-1.3,29
Tre Johnson,WAS,-0.5 (48),0.8 (14),-1.3 (29),-0.5,48,0.8,14,-1.3,29
Caleb Love,POR,-1.0 (31),0.3 (35),-1.3 (29),-1.0,31,0.3,35,-1.3,29
Johni Broome,PHI,-1.1 (27),0.2 (40),-1.3 (29),-1.1,27,0.2,40,-1.3,29
Jahmai Mashack,MEM,-1.2 (23),0.1 (45),-1.3 (29),-1.2,23,0.1,45,-1.3,29
Seth Curry,GSW,-1.5 (18),-0.1 (62),-1.4 (29),-1.5,18,-0.1,62,-1.4,29
Paolo Banchero,ORL,-0.2 (64),1.2 (8),-1.4 (28),-0.2,64,1.2,8,-1.4,28
Ben Sheppard,IND,-0.6 (47),0.8 (16),-1.4 (28),-0.6,47,0.8,16,-1.4,28
Dalen Terry,CHI,-1.7 (13),-0.3 (69),-1.4 (28),-1.7,13,-0.3,69,-1.4,28
Jalen Wilson,BKN,-0.6 (46),0.8 (15),-1.4 (28),-0.6,46,0.8,15,-1.4,28
Patty Mills,LAC,-1.8 (11),-0.4 (73),-1.4 (28),-1.8,11,-0.4,73,-1.4,28
Trey Murphy III,NOP,-0.9 (36),0.5 (26),-1.4 (28),-0.9,36,0.5,26,-1.4,28
Taze Moore,POR,-1.4 (19),0.0 (54),-1.4 (28),-1.4,19,0.0,54,-1.4,28
Alexandre Sarr,WAS,-1.2 (25),0.2 (42),-1.4 (27),-1.2,25,0.2,42,-1.4,27
Dillon Jones,OKC,-1.7 (13),-0.3 (68),-1.4 (27),-1.7,13,-0.3,68,-1.4,27
Damion Lee,PHX,-1.4 (19),0.0 (53),-1.4 (27),-1.4,19,0.0,53,-1.4,27
Xavier Tillman,BOS,-1.6 (16),-0.2 (66),-1.4 (27),-1.6,16,-0.2,66,-1.4,27
Jack McVeigh,HOU,-1.6 (15),-0.2 (63),-1.4 (27),-1.6,15,-0.2,63,-1.4,27
Malevy Leons,GSW,-1.1 (28),0.3 (36),-1.4 (27),-1.1,28,0.3,36,-1.4,27
Kentavious Caldwell-Pope,MEM,-2.3 (5),-0.8 (84),-1.5 (26),-2.3,5,-0.8,84,-1.5,26
Thomas Bryant,CLE,-1.0 (35),0.5 (29),-1.5 (26),-1.0,35,0.5,29,-1.5,26
Lonnie Walker IV,PHI,-0.7 (44),0.8 (17),-1.5 (26),-0.7,44,0.8,17,-1.5,26
Vasilije Micić,PHX,-1.7 (15),-0.2 (66),-1.5 (26),-1.7,15,-0.2,66,-1.5,26
Terance Mann,BKN,0.1 (71),1.6 (3),-1.5 (26),0.1,71,1.6,3,-1.5,26
Cam Reddish,LAL,-1.3 (22),0.2 (43),-1.5 (26),-1.3,22,0.2,43,-1.5,26
Moses Brown,DAL,-0.9 (36),0.6 (23),-1.5 (26),-0.9,36,0.6,23,-1.5,26
Anfernee Simons,BOS,-0.6 (46),0.9 (13),-1.5 (25),-0.6,46,0.9,13,-1.5,25
Brandon Boston Jr.,NOP,-0.7 (42),0.8 (15),-1.5 (25),-0.7,42,0.8,15,-1.5,25
Tosan Evbuomwan,NYK,-1.7 (13),-0.2 (63),-1.5 (25),-1.7,13,-0.2,63,-1.5,25
Tristan da Silva,ORL,-1.3 (21),0.2 (42),-1.5 (25),-1.3,21,0.2,42,-1.5,25
Karlo Matković,NOP,-1.5 (17),-0.0 (53),-1.5 (25),-1.5,17,-0.0,53,-1.5,25
Luke Travers,CLE,-1.6 (15),-0.1 (59),-1.5 (25),-1.6,15,-0.1,59,-1.5,25
Marcus Garrett,CHA,-1.2 (24),0.3 (36),-1.5 (24),-1.2,24,0.3,36,-1.5,24
Drew Timme,LAL,-1.2 (24),0.3 (35),-1.5 (24),-1.2,24,0.3,35,-1.5,24
Carter Bryant,SAS,-1.7 (12),-0.2 (62),-1.5 (24),-1.7,12,-0.2,62,-1.5,24
Quentin Grimes,PHI,-1.4 (20),0.2 (45),-1.6 (24),-1.4,20,0.2,45,-1.6,24
Zaccharie Risacher,ATL,-0.2 (63),1.4 (5),-1.6 (24),-0.2,63,1.4,5,-1.6,24
Kyle Lowry,PHI,-2.2 (7),-0.6 (81),-1.6 (24),-2.2,7,-0.6,81,-1.6,24
Johnny Davis,WAS,-1.2 (27),0.4 (34),-1.6 (23),-1.2,27,0.4,34,-1.6,23
Andrew Wiggins,MIA,-1.0 (35),0.6 (24),-1.6 (23),-1.0,35,0.6,24,-1.6,23
Chris Paul,LAC,-0.8 (41),0.8 (17),-1.6 (23),-0.8,41,0.8,17,-1.6,23
Bryce McGowens,NOP,-0.4 (56),1.2 (9),-1.6 (23),-0.4,56,1.2,9,-1.6,23
Dejounte Murray,NOP,-0.3 (60),1.3 (7),-1.6 (23),-0.3,60,1.3,7,-1.6,23
Jaden Ivey,DET,-0.5 (51),1.1 (10),-1.6 (23),-0.5,51,1.1,10,-1.6,23
Jett Howard,ORL,-0.8 (40),0.8 (16),-1.6 (23),-0.8,40,0.8,16,-1.6,23
Dennis Schröder,SAC,-1.0 (33),0.6 (23),-1.6 (22),-1.0,33,0.6,23,-1.6,22
Gradey Dick,TOR,-0.3 (60),1.3 (7),-1.6 (22),-0.3,60,1.3,7,-1.6,22
Cam Whitmore,WAS,-0.1 (66),1.5 (4),-1.6 (22),-0.1,66,1.5,4,-1.6,22
Orlando Robinson,ORL,-1.1 (29),0.5 (26),-1.6 (22),-1.1,29,0.5,26,-1.6,22
Kel'el Ware,MIA,-0.8 (39),0.8 (15),-1.6 (22),-0.8,39,0.8,15,-1.6,22
Jamison Battle,TOR,-1.2 (25),0.4 (31),-1.6 (22),-1.2,25,0.4,31,-1.6,22
Armel Traore,LAL,-1.2 (24),0.4 (30),-1.6 (21),-1.2,24,0.4,30,-1.6,21
Ben Saraf,BKN,-1.1 (27),0.5 (25),-1.6 (21),-1.1,27,0.5,25,-1.6,21
Keaton Wallace,ATL,-2.3 (5),-0.6 (79),-1.7 (21),-2.3,5,-0.6,79,-1.7,21
Stanley Umude,MIL,-1.7 (14),0.0 (56),-1.7 (21),-1.7,14,0.0,56,-1.7,21
Larry Nance Jr.,CLE,-2.0 (9),-0.3 (70),-1.7 (21),-2.0,9,-0.3,70,-1.7,21
Jeremy Sochan,SAS,-1.2 (26),0.5 (28),-1.7 (21),-1.2,26,0.5,28,-1.7,21
Emoni Bates,CLE,-1.0 (33),0.7 (19),-1.7 (21),-1.0,33,0.7,19,-1.7,21
GG Jackson,MEM,-0.3 (60),1.4 (6),-1.7 (20),-0.3,60,1.4,6,-1.7,20
Mo Bamba,TOR,-1.7 (13),-0.0 (54),-1.7 (20),-1.7,13,-0.0,54,-1.7,20
Colin Castleton,TOR,-1.8 (11),-0.1 (60),-1.7 (20),-1.8,11,-0.1,60,-1.7,20
Dalton Knecht,LAL,-0.7 (42),1.0 (12),-1.7 (20),-0.7,42,1.0,12,-1.7,20
Yang Hansen,POR,-1.7 (12),-0.0 (51),-1.7 (20),-1.7,12,-0.0,51,-1.7,20
Bilal Coulibaly,WAS,-1.1 (30),0.6 (24),-1.7 (20),-1.1,30,0.6,24,-1.7,20
Monté Morris,IND,-2.2 (6),-0.5 (76),-1.7 (19),-2.2,6,-0.5,76,-1.7,19
Marcus Bagley,PHI,-1.1 (27),0.6 (22),-1.7 (19),-1.1,27,0.6,22,-1.7,19
Onyeka Okongwu,ATL,-1.4 (19),0.4 (33),-1.8 (19),-1.4,19,0.4,33,-1.8,19
Jalen Hood-Schifino,PHI,-0.6 (46),1.2 (8),-1.8 (19),-0.6,46,1.2,8,-1.8,19
Mohamed Diawara,NYK,-1.2 (24),0.6 (22),-1.8 (19),-1.2,24,0.6,22,-1.8,19
Jerami Grant,POR,-1.1 (30),0.7 (21),-1.8 (19),-1.1,30,0.7,21,-1.8,19
Kelly Oubre Jr.,PHI,-1.0 (34),0.8 (17),-1.8 (19),-1.0,34,0.8,17,-1.8,19
Dalano Banton,POR,-0.9 (37),0.9 (14),-1.8 (18),-0.9,37,0.9,14,-1.8,18
Jared Butler,PHI,-1.1 (29),0.7 (20),-1.8 (18),-1.1,29,0.7,20,-1.8,18
Malachi Flynn,CHA,-1.0 (33),0.8 (16),-1.8 (18),-1.0,33,0.8,16,-1.8,18
Trevelin Queen,ORL,-1.5 (17),0.3 (37),-1.8 (18),-1.5,17,0.3,37,-1.8,18
Jeff Dowtin Jr.,PHI,-1.1 (28),0.7 (18),-1.8 (18),-1.1,28,0.7,18,-1.8,18
Kyshawn George,WAS,-1.1 (28),0.7 (18),-1.8 (18),-1.1,28,0.7,18,-1.8,18
Vlatko Čančar,DEN,-2.1 (8),-0.3 (68),-1.8 (17),-2.1,8,-0.3,68,-1.8,17
Nolan Traore,BKN,-1.0 (31),0.8 (14),-1.8 (17),-1.0,31,0.8,14,-1.8,17
Corey Kispert,ATL,-0.5 (52),1.4 (6),-1.9 (17),-0.5,52,1.4,6,-1.9,17
Jalen McDaniels,WAS,-1.5 (17),0.4 (32),-1.9 (17),-1.5,17,0.4,32,-1.9,17
JD Davison,HOU,-1.3 (21),0.6 (22),-1.9 (17),-1.3,21,0.6,22,-1.9,17
RayJ Dennis,ATL,-2.3 (4),-0.4 (72),-1.9 (17),-2.3,4,-0.4,72,-1.9,17
Trey Jemison III,NYK,-1.6 (16),0.3 (37),-1.9 (17),-1.6,16,0.3,37,-1.9,17
Tidjane Salaün,CHA,-2.2 (6),-0.3 (68),-1.9 (16),-2.2,6,-0.3,68,-1.9,16
AJ Johnson,WAS,-1.6 (15),0.3 (36),-1.9 (16),-1.6,15,0.3,36,-1.9,16
Pat Connaughton,CHA,-1.5 (18),0.5 (30),-2.0 (16),-1.5,18,0.5,30,-2.0,16
David Roddy,HOU,-1.3 (23),0.7 (21),-2.0 (16),-1.3,23,0.7,21,-2.0,16
Bruno Fernando,TOR,-1.5 (17),0.5 (27),-2.0 (16),-1.5,17,0.5,27,-2.0,16
DeAndre Jordan,NOP,-1.9 (10),0.1 (48),-2.0 (16),-1.9,10,0.1,48,-2.0,16
Johnny Juzang,MIN,-1.2 (26),0.8 (15),-2.0 (15),-1.2,26,0.8,15,-2.0,15
Reece Beekman,BKN,-1.9 (9),0.1 (47),-2.0 (15),-1.9,9,0.1,47,-2.0,15
Javonte Cooke,POR,-2.1 (7),-0.1 (58),-2.0 (15),-2.1,7,-0.1,58,-2.0,15
Kyle Anderson,UTA,-2.8 (2),-0.7 (82),-2.1 (15),-2.8,2,-0.7,82,-2.1,15
P.J. Tucker,NYK,-1.4 (20),0.7 (20),-2.1 (15),-1.4,20,0.7,20,-2.1,15
Kobe Bufkin,LAL,-2.3 (5),-0.2 (64),-2.1 (15),-2.3,5,-0.2,64,-2.1,15
Buddy Hield,GSW,-1.1 (30),1.0 (12),-2.1 (15),-1.1,30,1.0,12,-2.1,15
Jordan Poole,NOP,-1.3 (23),0.8 (18),-2.1 (14),-1.3,23,0.8,18,-2.1,14
Reggie Jackson,PHI,-1.9 (10),0.2 (44),-2.1 (14),-1.9,10,0.2,44,-2.1,14
Jordan Clarkson,NYK,-1.5 (18),0.6 (24),-2.1 (14),-1.5,18,0.6,24,-2.1,14
Shake Milton,LAL,-1.9 (10),0.2 (43),-2.1 (14),-1.9,10,0.2,43,-2.1,14
Duop Reath,POR,-1.0 (33),1.1 (10),-2.1 (14),-1.0,33,1.1,10,-2.1,14
Markieff Morris,LAL,-1.7 (13),0.4 (32),-2.1 (14),-1.7,13,0.4,32,-2.1,14
Rob Dillingham,MIN,-2.1 (7),0.0 (53),-2.1 (13),-2.1,7,0.0,53,-2.1,13
Isaac Jones,DET,-1.5 (17),0.6 (22),-2.1 (13),-1.5,17,0.6,22,-2.1,13
Ryan Kalkbrenner,CHA,-2.2 (6),-0.1 (58),-2.1 (13),-2.2,6,-0.1,58,-2.1,13
Bennedict Mathurin,IND,-1.3 (23),0.9 (14),-2.2 (13),-1.3,23,0.9,14,-2.2,13
Jaden Hardy,DAL,-1.7 (14),0.5 (29),-2.2 (13),-1.7,14,0.5,29,-2.2,13
Andre Jackson Jr.,MIL,-1.3 (22),0.9 (13),-2.2 (13),-1.3,22,0.9,13,-2.2,13
Caleb Martin,DAL,-2.6 (3),-0.4 (73),-2.2 (13),-2.6,3,-0.4,73,-2.2,13
Keon Johnson,BKN,-1.5 (17),0.7 (19),-2.2 (12),-1.5,17,0.7,19,-2.2,12
Bronny James,LAL,-1.8 (11),0.4 (31),-2.2 (12),-1.8,11,0.4,31,-2.2,12
Tyus Jones,ORL,-1.1 (30),1.2 (9),-2.3 (12),-1.1,30,1.2,9,-2.3,12
Klay Thompson,DAL,-1.9 (10),0.4 (34),-2.3 (12),-1.9,10,0.4,34,-2.3,12
Kessler Edwards,DAL,-0.9 (37),1.4 (6),-2.3 (12),-0.9,37,1.4,6,-2.3,12
Tre Mann,CHA,-0.7 (43),1.6 (3),-2.3 (12),-0.7,43,1.6,3,-2.3,12
DaQuan Jeffries,CHA,-0.8 (40),1.5 (4),-2.3 (11),-0.8,40,1.5,4,-2.3,11
Ayo Dosunmu,CHI,-0.9 (36),1.4 (6),-2.3 (11),-0.9,36,1.4,6,-2.3,11
Ariel Hukporti,NYK,-2.4 (4),-0.1 (60),-2.3 (11),-2.4,4,-0.1,60,-2.3,11
Terrence Shannon Jr.,MIN,-1.2 (25),1.1 (9),-2.3 (11),-1.2,25,1.1,9,-2.3,11
Kevin McCullar Jr.,NYK,-1.7 (12),0.6 (22),-2.3 (11),-1.7,12,0.6,22,-2.3,11
Amari Williams,BOS,-2.1 (7),0.2 (40),-2.3 (11),-2.1,7,0.2,40,-2.3,11
Torrey Craig,BOS,-2.0 (9),0.4 (34),-2.4 (10),-2.0,9,0.4,34,-2.4,10
Andre Drummond,PHI,-1.7 (15),0.7 (21),-2.4 (10),-1.7,15,0.7,21,-2.4,10
Charles Bassey,MEM,-1.8 (11),0.6 (23),-2.4 (10),-1.8,11,0.6,23,-2.4,10
Julian Strawther,DEN,-1.7 (13),0.7 (19),-2.4 (10),-1.7,13,0.7,19,-2.4,10
Yves Missi,NOP,-1.2 (25),1.2 (8),-2.4 (10),-1.2,25,1.2,8,-2.4,10
Danny Wolf,BKN,-2.9 (1),-0.5 (75),-2.4 (10),-2.9,1,-0.5,75,-2.4,10
Deandre Ayton,LAL,-1.3 (23),1.1 (11),-2.4 (10),-1.3,23,1.1,11,-2.4,10
Bismack Biyombo,SAS,-1.3 (23),1.1 (10),-2.4 (9),-1.3,23,1.1,10,-2.4,9
Patrick Williams,CHI,-2.3 (6),0.2 (44),-2.5 (9),-2.3,6,0.2,44,-2.5,9
Alex Len,LAL,-2.0 (9),0.5 (28),-2.5 (9),-2.0,9,0.5,28,-2.5,9
Maxwell Lewis,BKN,-2.1 (8),0.4 (32),-2.5 (9),-2.1,8,0.4,32,-2.5,9
Tyrese Proctor,CLE,-1.7 (12),0.8 (15),-2.5 (9),-1.7,12,0.8,15,-2.5,9
Cooper Flagg,DAL,-2.5 (3),0.0 (52),-2.5 (9),-2.5,3,0.0,52,-2.5,9
Derik Queen,NOP,-0.3 (58),2.2 (1),-2.5 (8),-0.3,58,2.2,1,-2.5,8
Drew Eubanks,SAC,-2.3 (5),0.3 (38),-2.6 (8),-2.3,5,0.3,38,-2.6,8
Zeke Nnaji,DEN,-2.5 (3),0.1 (50),-2.6 (8),-2.5,3,0.1,50,-2.6,8
Jamal Cain,ORL,-1.3 (21),1.3 (6),-2.6 (8),-1.3,21,1.3,6,-2.6,8
Amir Coffey,MIL,-2.4 (4),0.3 (39),-2.7 (8),-2.4,4,0.3,39,-2.7,8
Tristan Thompson,CLE,-2.7 (2),-0.0 (57),-2.7 (8),-2.7,2,-0.0,57,-2.7,8
Josh Richardson,MIA,-2.2 (7),0.5 (29),-2.7 (8),-2.2,7,0.5,29,-2.7,8
Ziaire Williams,BKN,-1.9 (10),0.8 (17),-2.7 (7),-1.9,10,0.8,17,-2.7,7
Taylor Hendricks,UTA,-2.0 (9),0.7 (19),-2.7 (7),-2.0,9,0.7,19,-2.7,7
Malaki Branham,WAS,-1.8 (11),1.0 (12),-2.8 (7),-1.8,11,1.0,12,-2.8,7
Precious Achiuwa,SAC,-2.3 (5),0.5 (27),-2.8 (7),-2.3,5,0.5,27,-2.8,7
Wendell Moore Jr.,DET,-2.4 (4),0.4 (31),-2.8 (7),-2.4,4,0.4,31,-2.8,7
Jay Huff,IND,-3.9 (0),-1.1 (89),-2.8 (7),-3.9,0,-1.1,89,-2.8,7
Jaylen Martin,WAS,-1.7 (12),1.1 (10),-2.8 (6),-1.7,12,1.1,10,-2.8,6
Keion Brooks Jr.,NOP,-1.6 (15),1.2 (7),-2.8 (6),-1.6,15,1.2,7,-2.8,6
Elfrid Payton,NOP,-2.6 (2),0.2 (41),-2.8 (6),-2.6,2,0.2,41,-2.8,6
Jeremiah Robinson-Earl,DAL,-0.5 (51),2.4 (1),-2.9 (6),-0.5,51,2.4,1,-2.9,6
Gary Trent Jr.,MIL,-0.1 (67),2.8 (0),-2.9 (6),-0.1,67,2.8,0,-2.9,6
Hunter Tyson,DEN,-3.3 (0),-0.4 (73),-2.9 (6),-3.3,0,-0.4,73,-2.9,6
Ja'Kobe Walter,TOR,-2.0 (8),0.9 (13),-2.9 (6),-2.0,8,0.9,13,-2.9,6
Damion Baugh,CHA,-1.9 (9),1.0 (11),-2.9 (5),-1.9,9,1.0,11,-2.9,5
Terry Rozier,MIA,-2.1 (8),0.8 (16),-2.9 (5),-2.1,8,0.8,16,-2.9,5
Bruce Brown,DEN,-1.4 (20),1.6 (3),-3.0 (5),-1.4,20,1.6,3,-3.0,5
Jae Crowder,SAC,-2.5 (3),0.5 (30),-3.0 (5),-2.5,3,0.5,30,-3.0,5
Doug McDermott,SAC,-1.1 (30),1.9 (2),-3.0 (5),-1.1,30,1.9,2,-3.0,5
Garrett Temple,TOR,-2.5 (3),0.5 (27),-3.0 (5),-2.5,3,0.5,27,-3.0,5
Ace Bailey,UTA,-0.9 (35),2.1 (1),-3.0 (4),-0.9,35,2.1,1,-3.0,4
Jeff Green,HOU,-1.4 (20),1.7 (2),-3.1 (4),-1.4,20,1.7,2,-3.1,4
Jonathan Mogbo,TOR,-2.8 (1),0.3 (36),-3.1 (4),-2.8,1,0.3,36,-3.1,4
James Wiseman,IND,-1.6 (16),1.5 (4),-3.1 (4),-1.6,16,1.5,4,-3.1,4
Jordan Hawkins,NOP,-1.5 (18),1.6 (3),-3.1 (4),-1.5,18,1.6,3,-3.1,4
Brice Sensabaugh,UTA,-0.5 (50),2.6 (0),-3.1 (4),-0.5,50,2.6,0,-3.1,4
Keyonte George,UTA,0.1 (72),3.3 (0),-3.2 (4),0.1,72,3.3,0,-3.2,4
Taj Gibson,CHA,-3.4 (0),-0.2 (64),-3.2 (3),-3.4,0,-0.2,64,-3.2,3
Bradley Beal,LAC,-1.8 (11),1.5 (4),-3.3 (3),-1.8,11,1.5,4,-3.3,3
Rayan Rupert,POR,-2.8 (2),0.5 (27),-3.3 (3),-2.8,2,0.5,27,-3.3,3
Brooks Barnhizer,OKC,-2.8 (1),0.5 (25),-3.3 (3),-2.8,1,0.5,25,-3.3,3
Olivier-Maxence Prosper,MEM,-2.9 (1),0.5 (29),-3.4 (3),-2.9,1,0.5,29,-3.4,3
Bojan Bogdanović,BKN,-2.0 (8),1.4 (5),-3.4 (3),-2.0,8,1.4,5,-3.4,3
Tristan Vukcevic,WAS,-2.4 (4),1.0 (12),-3.4 (2),-2.4,4,1.0,12,-3.4,2
Nigel Hayes-Davis,PHX,-2.9 (1),0.5 (25),-3.4 (2),-2.9,1,0.5,25,-3.4,2
Nick Richards,PHX,-1.2 (26),2.2 (1),-3.4 (2),-1.2,26,2.2,1,-3.4,2
Kobe Brown,LAC,-2.2 (6),1.2 (8),-3.4 (2),-2.2,6,1.2,8,-3.4,2
Tyrese Martin,BKN,-2.1 (7),1.3 (6),-3.4 (2),-2.1,7,1.3,6,-3.4,2
Jericho Sims,MIL,-3.4 (0),0.1 (49),-3.5 (2),-3.4,0,0.1,49,-3.5,2
Drake Powell,BKN,-2.8 (1),0.8 (14),-3.6 (2),-2.8,1,0.8,14,-3.6,2
KJ Simpson,CHA,-2.3 (5),1.4 (5),-3.7 (1),-2.3,5,1.4,5,-3.7,1
Nic Claxton,BKN,-3.0 (0),0.7 (20),-3.7 (1),-3.0,0,0.7,20,-3.7,1
Maxime Raynaud,SAC,-2.4 (4),1.5 (4),-3.9 (1),-2.4,4,1.5,4,-3.9,1
Kyle Kuzma,MIL,-2.7 (2),1.2 (9),-3.9 (1),-2.7,2,1.2,9,-3.9,1
Russell Westbrook,SAC,-1.9 (10),2.2 (1),-4.1 (1),-1.9,10,2.2,1,-4.1,1
Jarace Walker,IND,-3.5 (0),0.8 (15),-4.3 (1),-3.5,0,0.8,15,-4.3,1
Cody Williams,UTA,-2.4 (4),1.9 (2),-4.3 (0),-2.4,4,1.9,2,-4.3,0
Nick Smith Jr.,LAL,-2.8 (2),1.6 (3),-4.4 (0),-2.8,2,1.6,3,-4.4,0
Justin Edwards,PHI,-0.7 (41),3.8 (0),-4.5 (0),-0.7,41,3.8,0,-4.5,0
Will Riley,WAS,-3.5 (0),1.0 (11),-4.5 (0),-3.5,0,1.0,11,-4.5,0
Jeremiah Fears,NOP,-2.2 (6),2.5 (0),-4.7 (0),-2.2,6,2.5,0,-4.7,0
Isaiah Collier,UTA,-2.1 (8),2.8 (0),-4.9 (0),-2.1,8,2.8,0,-4.9,0
Carlton Carrington,WAS,-2.7 (2),2.5 (0),-5.2 (0),-2.7,2,2.5,0,-5.2,0
